[
  {
    "id": 12330,
    "new_file_path": "on-contemplation-of-physics;-baroque-contemporary-classical-opera;-duet,-female;-relaxation.mp3"
  },
  {
    "id": 11327,
    "new_file_path": "Joyfully Alive; Movement 1; Improvisational  (Remix); Re-Energize; 100 BPM, Re-Energize, FOCUS.mp3"
  },
  {
    "id": 13077,
    "new_file_path": "Sherbrooke, Fields; instrumental; classical - bluegrass crossover; 88 BPM; Relaxatuon.mp3"
  },
  {
    "id": 13058,
    "new_file_path": "Sherbrooke En Ete; instrumental; classical - bluegrass crossover; 88 BPM; Relaxatuon.mp3"
  },
  {
    "id": 10347,
    "new_file_path": "Biophillia 2; Instrumental; classical; late 19th century; relaxation; 118 BPM (Remix).mp3"
  },
  {
    "id": 10348,
    "new_file_path": "Biophillia; Instrumental; classical; late 19th century; relaxation; 118 BPM.mp3"
  },
  {
    "id": 11017,
    "new_file_path": "Gap Year Reverie; Movement 1; Improvisational Jazz Blues. 68 BPM; Sleep (Remix).mp3"
  },
  {
    "id": 10832,
    "new_file_path": "Ethereal, Instrumental; Electronic, New Age; World Folk; Relaxation, FOCUS.mp3"
  },
  {
    "id": 10926,
    "new_file_path": "FLAME; CLASSIC BLUES ROCK; FEMALE VOCALS; Re-Energize; 88 BPM  (Remix 2) (Remix).mp3"
  },
  {
    "id": 10927,
    "new_file_path": "FLAME; CLASSIC BLUES ROCK; FEMALE VOCALS; Re-Energize; 88 BPM  (Remix 2) (Remix).mp3"
  },
  {
    "id": 12826,
    "new_file_path": "Samba Neruda; Classical - Samba, Instrumental; Focus, Re-Energize; 8 (Remix).mp3"
  },
  {
    "id": 10650,
    "new_file_path": "Dors, Dors, Mon Petit Enfant; Middle French Dorian ; Classical; Phyrgian.mp3"
  },
  {
    "id": 10302,
    "new_file_path": "Better than the Prophets Speak; POP, FEMALE; 118 BPM; 2020s, Re-Energize.mp3"
  },
  {
    "id": 12525,
    "new_file_path": "Polyphonic Nocturne, 2; Strings, 2 Bluegrass; Classical; Sleep (Remix) (2).mp3"
  },
  {
    "id": 10303,
    "new_file_path": "Better than the Prophets Speak; POP, FEMALE; 118 BPM; 2020s, Re-Energize.mp3"
  },
  {
    "id": 10304,
    "new_file_path": "Better than the Prophets Speak; POP, FEMALE; 118 BPM; 2020s, Re-Energize.mp3"
  },
  {
    "id": 10305,
    "new_file_path": "Better than the Prophets Speak; POP, FEMALE; 118 BPM; 2020s, Re-Energize.mp3"
  },
  {
    "id": 10306,
    "new_file_path": "Better than the Prophets Speak; POP, FEMALE; 118 BPM; 2020s, Re-Energize.mp3"
  },
  {
    "id": 10409,
    "new_file_path": "Cambridge, Midnight; Movement 1; Blues-Jazz (Remix); Relaxation (Remix).mp3"
  },
  {
    "id": 10410,
    "new_file_path": "Cambridge, Midnight; Movement 1; Blues-Jazz (Remix); Relaxation (Remix).mp3"
  },
  {
    "id": 10411,
    "new_file_path": "Cambridge, Midnight; Movement 1; Blues-Jazz (Remix); Relaxation (Remix).mp3"
  },
  {
    "id": 10929,
    "new_file_path": "FLAME; CLASSIC BLUES ROCK; VOCAL NO REAL WORDS; Re-Energize.  (Remix).mp3"
  },
  {
    "id": 10930,
    "new_file_path": "FLAME; CLASSIC BLUES ROCK; VOCAL NO REAL WORDS; Re-Energize.  (Remix).mp3"
  },
  {
    "id": 10113,
    "new_file_path": "Alternative frequencies expanding universe instrumental.mp3"
  },
  {
    "id": 11178,
    "new_file_path": "I'm Right Here, Wide Open; Country; Duet in Two Voices; 2020s(Remix).mp3"
  },
  {
    "id": 10408,
    "new_file_path": "Cambridge, Dusk; Movement 1; Blues-Jazz (Remix); Relaxation (Remix).mp3"
  },
  {
    "id": 10480,
    "new_file_path": "Contemplation of the Expanding Universe; English; Opera; Female Re-Energize (Remix) (1).mp3"
  },
  {
    "id": 10481,
    "new_file_path": "Contemplation of the Expanding Universe; English; Opera; Female Re-Energize (Remix) (1).mp3"
  },
  {
    "id": 10651,
    "new_file_path": "Dors, Dors, Mon Petit Enfant; Middle French; Classical; Phyrgian.mp3"
  },
  {
    "id": 10652,
    "new_file_path": "Dors, Dors, Mon Petit Enfant; Middle French; Classical; Phyrgian.mp3"
  },
  {
    "id": 10350,
    "new_file_path": "Biophillia 2; Instrumental; classical; late 19th century; relaxation; 118 BPM (Remix).mp3"
  },
  {
    "id": 10349,
    "new_file_path": "Biophillia 2; Instrumental; classical; late 19th century; relaxation; 118 BPM (Remix).mp3"
  },
  {
    "id": 10351,
    "new_file_path": "Biophillia 2; Instrumental; classical; late 19th century; relaxation; 118 BPM (Remix).mp3"
  },
  {
    "id": 10352,
    "new_file_path": "Biophillia 2; Instrumental; classical; late 19th century; relaxation; 118 BPM (Remix).mp3"
  },
  {
    "id": 10353,
    "new_file_path": "Biophillia 2; Instrumental; classical; late 19th century; relaxation; 118 BPM (Remix).mp3"
  },
  {
    "id": 10354,
    "new_file_path": "Biophillia 2; Instrumental; classical; late 19th century; relaxation; 118 BPM (Remix).mp3"
  },
  {
    "id": 10355,
    "new_file_path": "Biophillia 2; Instrumental; classical; late 19th century; relaxation; 118 BPM (Remix).mp3"
  },
  {
    "id": 10356,
    "new_file_path": "Biophillia 2; Instrumental; classical; late 19th century; relaxation; 118 BPM (Remix).mp3"
  },
  {
    "id": 10358,
    "new_file_path": "Biophillia 2; Instrumental; classical; late 19th century; relaxation; 118 BPM (Remix).mp3"
  },
  {
    "id": 10359,
    "new_file_path": "Biophillia 2; Instrumental; classical; late 19th century; relaxation; 118 BPM (Remix).mp3"
  },
  {
    "id": 10251,
    "new_file_path": "Baroque New Age; Happiness;  Instrumental; Deep relaxation (2).mp3"
  },
  {
    "id": 10247,
    "new_file_path": "Baroque New Age; Happiness;  Instrumental; Deep relaxation.mp3"
  },
  {
    "id": 10250,
    "new_file_path": "Baroque New Age; Happiness;  Instrumental; Deep relaxation.mp3"
  },
  {
    "id": 10249,
    "new_file_path": "Baroque New Age; Happiness;  Instrumental; Deep relaxation.mp3"
  },
  {
    "id": 10248,
    "new_file_path": "Baroque New Age; Happiness;  Instrumental; Deep relaxation.mp3"
  },
  {
    "id": 11003,
    "new_file_path": "Four Seasons Summer Reimagined from Electronica Album 1.mp3"
  },
  {
    "id": 12732,
    "new_file_path": "Ride me like a mustang; FEMALE; COUNTRY; 118 BPM; RE-ENERGIZE.mp3"
  },
  {
    "id": 10301,
    "new_file_path": "Better than the Prophets Speak; Folk; 118 BPM; Re-Energize.mp3"
  },
  {
    "id": 10644,
    "new_file_path": "Dorme, Dorme, Meu Menino; Female Soprano; Classical; 1970s.mp3"
  },
  {
    "id": 10931,
    "new_file_path": "FLAME; CLASSIC ROCK; MALE VOCALS. Re-energize; 88 BPM  (Remix).mp3"
  },
  {
    "id": 10183,
    "new_file_path": "Artic Kitties; Indie Pop; 2020s;  HIIT, Re-Energize (Remix).mp3"
  },
  {
    "id": 10750,
    "new_file_path": "Dusk in My Eyes; Movement 1 (Remix); Nocturne; Sleep; 60 BPM.mp3"
  },
  {
    "id": 10751,
    "new_file_path": "Dusk in My Eyes; Movement 1 (Remix); Nocturne; Sleep; 60 BPM.mp3"
  },
  {
    "id": 10752,
    "new_file_path": "Dusk in My Eyes; Movement 1 (Remix); Nocturne; Sleep; 60 BPM.mp3"
  },
  {
    "id": 10753,
    "new_file_path": "Dusk in My Eyes; Movement 1 (Remix); Nocturne; Sleep; 60 BPM.mp3"
  },
  {
    "id": 10754,
    "new_file_path": "Dusk in My Eyes; Movement 1 (Remix); Nocturne; Sleep; 60 BPM.mp3"
  },
  {
    "id": 10755,
    "new_file_path": "Dusk in My Eyes; Movement 1 (Remix); Nocturne; Sleep; 60 BPM.mp3"
  },
  {
    "id": 10756,
    "new_file_path": "Dusk in My Eyes; Movement 1 (Remix); Nocturne; Sleep; 60 BPM.mp3"
  },
  {
    "id": 10940,
    "new_file_path": "FLAME; ROCK; MALE VOCALS. Re-energize; 88 BPM  (Remix) (Cover).mp3"
  },
  {
    "id": 12373,
    "new_file_path": "our children have your eyes; samba-jazz (Remix); 2; sleep.mp3"
  },
  {
    "id": 12557,
    "new_file_path": "Primavera; Movement 1; Female; Baroque Italian; Sleep.mp3"
  },
  {
    "id": 10445,
    "new_file_path": "Chopin Transpored Nocturne in D flat Major Op 27 No 2.mp3"
  },
  {
    "id": 10449,
    "new_file_path": "Chopin Transpored Nocturne in D flat Major Op 27 No 2.mp3"
  },
  {
    "id": 10446,
    "new_file_path": "Chopin Transpored Nocturne in D flat Major Op 27 No 2.mp3"
  },
  {
    "id": 10447,
    "new_file_path": "Chopin Transpored Nocturne in D flat Major Op 27 No 2.mp3"
  },
  {
    "id": 3407,
    "new_file_path": "Your Sonata, 2; Instrumental, Classical; Relaxation.mp3"
  },
  {
    "id": 10428,
    "new_file_path": "Cantata della Sposa; Cantata, Classical; FOCUS; COFFEE; MORNING BREAK (1).mp3"
  },
  {
    "id": 10429,
    "new_file_path": "Cantata della Sposa; Cantata, Classical; FOCUS; COFFEE; MORNING BREAK (1).mp3"
  },
  {
    "id": 10430,
    "new_file_path": "Cantata della Sposa; Cantata, Classical; FOCUS; COFFEE; MORNING BREAK (1).mp3"
  },
  {
    "id": 10794,
    "new_file_path": "Espoo by Morning, 2; Dorian; EDM-classical; HIIT (Remix).mp3"
  },
  {
    "id": 10928,
    "new_file_path": "FLAME; CLASSIC BLUES ROCK; Re-Energize; 88 BPM  (Remix 2).mp3"
  },
  {
    "id": 12242,
    "new_file_path": "Ode to My Love;  Americana; FEMALE VOCALS. 88 BPM; Pain.mp3"
  },
  {
    "id": 11374,
    "new_file_path": "Lay Your Love On Me, Blues Rock, Male Vocals, V 1 (Remix).mp3"
  },
  {
    "id": 10617,
    "new_file_path": "Do Hobbits Dance; EDM - 1970s, Re-Energize, HIIT (Remix).mp3"
  },
  {
    "id": 10403,
    "new_file_path": "Call Out, Americana DUET. 88 BPM (Remix), Relaxation.mp3"
  },
  {
    "id": 10527,
    "new_file_path": "Dawn in the Arctic Circle Arctic Kitties Album 1 .mp3"
  },
  {
    "id": 10529,
    "new_file_path": "Dawn in the Arctic Circle Arctic Kitties Album 1 .mp3"
  },
  {
    "id": 10063,
    "new_file_path": "a_mandolin_and_a_ukelele_meet_at_a_concert_remix.mp3"
  },
  {
    "id": 10100,
    "new_file_path": "all_you_want_folk_duet_in_two_voices_1980sremix.mp3"
  },
  {
    "id": 10643,
    "new_file_path": "Dorme, Dorme, Meu Menino; Classical; Female; 2020s.mp3"
  },
  {
    "id": 10778,
    "new_file_path": "Ellegiac; Phyrgian; Instrumental; 118 BPM; FOCUS.mp3"
  },
  {
    "id": 10779,
    "new_file_path": "Ellegiac; Phyrgian; Instrumental; 118 BPM; FOCUS.mp3"
  },
  {
    "id": 10939,
    "new_file_path": "FLAME; ROCK; MALE VOCALS. Re-energize; 88 BPM  (Remix).mp3"
  },
  {
    "id": 10941,
    "new_file_path": "FLAME; Rock; Re-energize; 88 BPM  (Remix) (Cover) (Cover).mp3"
  },
  {
    "id": 10942,
    "new_file_path": "FLAME; Rock; Re-energize; 88 BPM  (Remix) (Cover) (Cover).mp3"
  },
  {
    "id": 10626,
    "new_file_path": "Dolphin Call; EDM - 1970s, Re-Energize, HIIT (Remix).mp3"
  },
  {
    "id": 12028,
    "new_file_path": "Mykonos Moonlight, House POP Remix, FEMALE V 1.mp3"
  },
  {
    "id": 12112,
    "new_file_path": "Night Song; Movement 2; Classical; Relaxation.mp3"
  },
  {
    "id": 10469,
    "new_file_path": "Come to me and tell you are mine female vocals.mp3"
  },
  {
    "id": 10468,
    "new_file_path": "Come to me and tell you are mine female vocals.mp3"
  },
  {
    "id": 10474,
    "new_file_path": "constantinople-of-the-sephardim,-movement-3.mp3"
  },
  {
    "id": 10467,
    "new_file_path": "Come to me and tell you are mine female vocals.mp3"
  },
  {
    "id": 10932,
    "new_file_path": "FLAME; CLASSIC ROCK; Re-Energize; 88 BPM  (Remix) (2).mp3"
  },
  {
    "id": 10749,
    "new_file_path": "Dusk in My Eyes; JAZZ Movement 1 (Remix); Nocturne; Sleep; 60 BPM (1).mp3"
  },
  {
    "id": 12016,
    "new_file_path": "My Love, Tropical House, Female Vocals, REMIX.mp3"
  },
  {
    "id": 10111,
    "new_file_path": "Alternative frequencies 3 from 432 album 1 .mp3"
  },
  {
    "id": 10669,
    "new_file_path": "Dream You _Dream Me, Ambient Dance_EDM, 128 BPM.mp3"
  },
  {
    "id": 10101,
    "new_file_path": "allegria_duet_cantata_crossover_-_classical_re-energize_1.mp3"
  },
  {
    "id": 10936,
    "new_file_path": "FLAME; Instrumental; Re-energize; 88 BPM  (Remix) (Cover) (Cover) (2).mp3"
  },
  {
    "id": 12036,
    "new_file_path": "Mykonos; Dorian; EDM_ classical; Re-Energize.mp3"
  },
  {
    "id": 10257,
    "new_file_path": "Baroque Sonata; in A Major; Movement 1; 60 BPM.mp3"
  },
  {
    "id": 10258,
    "new_file_path": "Baroque Sonata; in A Major; Movement 1; 60 BPM.mp3"
  },
  {
    "id": 10321,
    "new_file_path": "Big Cats from Arctic Kitties Album 2 (Remix).mp3"
  },
  {
    "id": 10320,
    "new_file_path": "Big Cats from Arctic Kitties Album 2 (Remix).mp3"
  },
  {
    "id": 12973,
    "new_file_path": "Shakespeare's Sonnet LIII, A Sonnet In Jazz.mp3"
  },
  {
    "id": 12976,
    "new_file_path": "Shakespeare's Sonnet LIII, A Sonnet In Jazz.mp3"
  },
  {
    "id": 10060,
    "new_file_path": "a mandolin and a ukelele meet at a concert .mp3"
  },
  {
    "id": 10377,
    "new_file_path": "Bright As Dew; Female; Baroque; Relaxation.mp3"
  },
  {
    "id": 11375,
    "new_file_path": "Lay Your Love On Me, Blues Rock, Male Vocals..mp3"
  },
  {
    "id": 12956,
    "new_file_path": "Shakespeare's Sonnet LII, A Sonnet In Jazz.mp3"
  },
  {
    "id": 12962,
    "new_file_path": "Shakespeare's Sonnet LII, A Sonnet In Jazz.mp3"
  },
  {
    "id": 12186,
    "new_file_path": "NYC, 1965; Jazz; Instrumental; Sleep (Remix).mp3"
  },
  {
    "id": 10400,
    "new_file_path": "Call Out, Ambient Dance_EDM, 128 BPM (Remix).mp3"
  },
  {
    "id": 10602,
    "new_file_path": "Dialogic, 2; Instrumental; Baroque; Focus.mp3"
  },
  {
    "id": 10938,
    "new_file_path": "FLAME; RnB, FUNK; Re-Energize; 88 BPM  (Remix).mp3"
  },
  {
    "id": 10999,
    "new_file_path": "For DH with Love, Sonata 2  - Instrumental.mp3"
  },
  {
    "id": 11159,
    "new_file_path": "I wish you love; Male; Remix; disco; 1970s .mp3"
  },
  {
    "id": 11012,
    "new_file_path": "fresh cut from arctic kitties album 2.mp3"
  },
  {
    "id": 10795,
    "new_file_path": "Espoo by Morning, 2; Dorian; EDM-classical; HIIT (Remix).mp3"
  },
  {
    "id": 10796,
    "new_file_path": "Espoo by Morning, 2; Dorian; EDM-classical; HIIT (Remix).mp3"
  },
  {
    "id": 10797,
    "new_file_path": "Espoo by Morning, 2; Dorian; EDM-classical; HIIT (Remix).mp3"
  },
  {
    "id": 90,
    "new_file_path": "a mandolin and a ukelele meet at a bar.mp3"
  },
  {
    "id": 10319,
    "new_file_path": "Big Cats from Arctic Kitties Album 2.mp3"
  },
  {
    "id": 10340,
    "new_file_path": "Binaural beats in a low HZ frequency.mp3"
  },
  {
    "id": 10341,
    "new_file_path": "Binaural beats in a low HZ frequency.mp3"
  },
  {
    "id": 10342,
    "new_file_path": "Binaural beats in a low HZ frequency.mp3"
  },
  {
    "id": 10343,
    "new_file_path": "Binaural beats in a low HZ frequency.mp3"
  },
  {
    "id": 10344,
    "new_file_path": "Binaural beats in a low HZ frequency.mp3"
  },
  {
    "id": 10771,
    "new_file_path": "El Mar Azul, Classic Rock, 1970s (Remix).mp3"
  },
  {
    "id": 10772,
    "new_file_path": "El Mar Azul, Classic Rock, 1970s (Remix).mp3"
  },
  {
    "id": 10773,
    "new_file_path": "El Mar Azul, Classic Rock, 1970s (Remix).mp3"
  },
  {
    "id": 10774,
    "new_file_path": "El Mar Azul, Classic Rock, 1970s (Remix).mp3"
  },
  {
    "id": 10775,
    "new_file_path": "El Mar Azul, Classic Rock, 1970s (Remix).mp3"
  },
  {
    "id": 10934,
    "new_file_path": "FLAME; EDM POP; Re-Energize.  118 (Remix); RE-ENERGIZE (1).mp3"
  },
  {
    "id": 10935,
    "new_file_path": "FLAME; EDM POP; Re-Energize.  118 (Remix); RE-ENERGIZE (1).mp3"
  },
  {
    "id": 12172,
    "new_file_path": "Now close thine eyes, my gentle dear; .mp3"
  },
  {
    "id": 10138,
    "new_file_path": "anamaria_ambient_dance_edm_128_bpm.mp3"
  },
  {
    "id": 10395,
    "new_file_path": "Call Me Up, Ambient Dance_EDM, 128 BPM.mp3"
  },
  {
    "id": 10386,
    "new_file_path": "Burn too bright for peace says who.mp3"
  },
  {
    "id": 10396,
    "new_file_path": "Call Out, Ambient Dance_EDM, 128 BPM.mp3"
  },
  {
    "id": 10398,
    "new_file_path": "Call Out, Ambient Dance_EDM, 128 BPM.mp3"
  },
  {
    "id": 10399,
    "new_file_path": "Call Out, Ambient Dance_EDM, 128 BPM.mp3"
  },
  {
    "id": 10453,
    "new_file_path": "Classical sonata 2  - Instrumental.mp3"
  },
  {
    "id": 12999,
    "new_file_path": "Shakespeare's Sonnets, Movement 1.mp3"
  },
  {
    "id": 11015,
    "new_file_path": "funk broke out at the disco in 2012.mp3"
  },
  {
    "id": 10776,
    "new_file_path": "El Mar Azul, Classic Rock, Super Group, 1970s, v1 (1).mp3"
  },
  {
    "id": 11000,
    "new_file_path": "For DH with Love, Sonata 2  - Instrumental (Remix) (9).mp3"
  },
  {
    "id": 52,
    "new_file_path": "2960d90a-b31c-4f79-95a3-0a8b522d17e0.mp3"
  },
  {
    "id": 10002,
    "new_file_path": "01 You Are Not Alone rough bounce.mp3"
  },
  {
    "id": 10098,
    "new_file_path": "all_the_pretty_horses_edm_remix_2.mp3"
  },
  {
    "id": 12405,
    "new_file_path": "Pablo Neruda, Samba of Sonnet 117.mp3"
  },
  {
    "id": 10229,
    "new_file_path": "79633cae-5743-4aa1-b64e-1022977d52fd.mp3"
  },
  {
    "id": 10261,
    "new_file_path": "Baroque Vocal Composer Partita.mp3"
  },
  {
    "id": 10290,
    "new_file_path": "7102903e-8fbc-464e-bbc1-24f18d2a515b.mp3"
  },
  {
    "id": 10472,
    "new_file_path": "constantinople-of-the-sephardim,-movement-3.mp3"
  },
  {
    "id": 10473,
    "new_file_path": "constantinople-of-the-sephardim,-movement-3.mp3"
  },
  {
    "id": 10933,
    "new_file_path": "FLAME; CLASSIC ROCK; Re-Energize; 88 BPM  (Remix) (2).mp3"
  },
  {
    "id": 10000,
    "new_file_path": "; Baroque, Classical; Sleep (Remix).mp3"
  },
  {
    "id": 10402,
    "new_file_path": "Call Out, American, 128 BPM (Remix).mp3"
  },
  {
    "id": 10611,
    "new_file_path": "disco duet at the witching hour.mp3"
  },
  {
    "id": 10612,
    "new_file_path": "disco duet at the witching hour.mp3"
  },
  {
    "id": 10791,
    "new_file_path": "entrainment for the scientist.mp3"
  },
  {
    "id": 10770,
    "new_file_path": "El Mar Azul, Classic Rock, 1970s.mp3"
  },
  {
    "id": 10385,
    "new_file_path": "Burn too bright for peace do I.mp3"
  },
  {
    "id": 10099,
    "new_file_path": "all_the_pretty_horses_remix_.mp3"
  },
  {
    "id": 12301,
    "new_file_path": "Oh Day Of Fire And Sun - Vocals.mp3"
  },
  {
    "id": 10407,
    "new_file_path": "Call Out, Rock, 128 BPM (Remix) (1).mp3"
  },
  {
    "id": 10405,
    "new_file_path": "Call Out, Rock, 128 BPM (Remix).mp3"
  },
  {
    "id": 12809,
    "new_file_path": "Samba Neruda, 4 (Remix), Sleep.mp3"
  },
  {
    "id": 10090,
    "new_file_path": "all i want is you as you are.mp3"
  },
  {
    "id": 10613,
    "new_file_path": "disco will free your mind .mp3"
  },
  {
    "id": 10937,
    "new_file_path": "FLAME; POP; Re-Energize; 88 BPM  (Remix) (1).mp3"
  },
  {
    "id": 11417,
    "new_file_path": "Lay Your Love On Me,  SAMBA.mp3"
  },
  {
    "id": 10001,
    "new_file_path": "01 Will You Love Me Then_.mp3"
  },
  {
    "id": 10404,
    "new_file_path": "Call Out, Pop, 88 BPM, Relaxation (1).mp3"
  },
  {
    "id": 12275,
    "new_file_path": "Oh Day Of Fire And Sun.mp3"
  },
  {
    "id": 10188,
    "new_file_path": "at the earliest hour.mp3"
  },
  {
    "id": 10187,
    "new_file_path": "at the earliest hour.mp3"
  },
  {
    "id": 1360,
    "new_file_path": "Midsommar; EDM; HIIT (2).mp3"
  },
  {
    "id": 11182,
    "new_file_path": "IBIZA, , 128 BPM (Remix).mp3"
  },
  {
    "id": 10455,
    "new_file_path": "Classical sonatas.mp3"
  },
  {
    "id": 10204,
    "new_file_path": "Autumn_ Movement 4.mp3"
  },
  {
    "id": 10227,
    "new_file_path": "Baroque chamber .mp3"
  },
  {
    "id": 10228,
    "new_file_path": "Baroque chamber .mp3"
  },
  {
    "id": 10293,
    "new_file_path": "beneath the blue.mp3"
  },
  {
    "id": 10292,
    "new_file_path": "beneath the blue.mp3"
  },
  {
    "id": 10892,
    "new_file_path": "Fisherman's Song.mp3"
  },
  {
    "id": 10891,
    "new_file_path": "Fisherman's Song.mp3"
  },
  {
    "id": 10893,
    "new_file_path": "Fisherman's Song.mp3"
  },
  {
    "id": 10838,
    "new_file_path": "everyday is birthday (1).mp3"
  },
  {
    "id": 10282,
    "new_file_path": "Beautiful face.mp3"
  },
  {
    "id": 10281,
    "new_file_path": "Beautiful face.mp3"
  },
  {
    "id": 10478,
    "new_file_path": "contemplation .mp3"
  },
  {
    "id": 10479,
    "new_file_path": "contemplation .mp3"
  },
  {
    "id": 10672,
    "new_file_path": "Drifting Above.mp3"
  },
  {
    "id": 10673,
    "new_file_path": "Drifting Above.mp3"
  },
  {
    "id": 10094,
    "new_file_path": "all_the_pretty_horses_classic_rock_duet_1970s.mp3"
  },
  {
    "id": 10383,
    "new_file_path": "Burn too bright for peace_, Contemporary Opera, Classical, Female; Relaxation.mp3"
  },
  {
    "id": 10379,
    "new_file_path": "Burn too bright for peace_, Contemporary Opera, Classical, Female; Relaxation.mp3"
  },
  {
    "id": 10380,
    "new_file_path": "Burn too bright for peace_, Contemporary Opera, Classical, Female; Relaxation.mp3"
  },
  {
    "id": 10381,
    "new_file_path": "Burn too bright for peace_, Contemporary Opera, Classical, Female; Relaxation.mp3"
  },
  {
    "id": 10382,
    "new_file_path": "Burn too bright for peace_, Contemporary Opera, Classical, Female; Relaxation.mp3"
  },
  {
    "id": 10142,
    "new_file_path": "annetta dream.mp3"
  },
  {
    "id": 10833,
    "new_file_path": "Etheria_ Instrumental, House, Electronic Soundtrack, Ambient; Re-Energize.mp3"
  },
  {
    "id": 10834,
    "new_file_path": "Etheria_ Instrumental, House, Electronic Soundtrack, Ambient; Re-Energize.mp3"
  },
  {
    "id": 10835,
    "new_file_path": "Etheria_ Instrumental, House, Electronic Soundtrack, Ambient; Re-Energize.mp3"
  },
  {
    "id": 11392,
    "new_file_path": "Lay Your Love On Me,  JAZZ-BLUES, MALE VOCALS (Remix).mp3"
  },
  {
    "id": 10638,
    "new_file_path": "Shakespeare's Sonnet LII, A Sonnet In Jazz (10).mp3"
  },
  {
    "id": 10639,
    "new_file_path": "Shakespeare's Sonnet LII, A Sonnet In Jazz (10).mp3"
  },
  {
    "id": 10640,
    "new_file_path": "Shakespeare's Sonnet LII, A Sonnet In Jazz (10).mp3"
  },
  {
    "id": 10413,
    "new_file_path": "can we chill.mp3"
  },
  {
    "id": 10412,
    "new_file_path": "can we chill.mp3"
  },
  {
    "id": 10505,
    "new_file_path": "dance it out.mp3"
  },
  {
    "id": 10504,
    "new_file_path": "dance it out.mp3"
  },
  {
    "id": 10236,
    "new_file_path": "Drama; Baroque-Flamenco, Phrygian Chamber Orchestral; FOCUS.mp3"
  },
  {
    "id": 10454,
    "new_file_path": "Classical sonata_ movement 1; sleep.mp3"
  },
  {
    "id": 10944,
    "new_file_path": "Flamenco-Phrygian Orchestral; FOCUS (1).mp3"
  },
  {
    "id": 10945,
    "new_file_path": "Flamenco-Phrygian Orchestral; FOCUS (1).mp3"
  },
  {
    "id": 10801,
    "new_file_path": "Eternal Summer _Samba Suave_; Samba.mp3"
  },
  {
    "id": 10800,
    "new_file_path": "Eternal Summer _Samba Suave_; Samba.mp3"
  },
  {
    "id": 10786,
    "new_file_path": "elysian fields; house.mp3"
  },
  {
    "id": 10827,
    "new_file_path": "Ethereal, An Elvin Wedding_ Instrumental, World Folk; Relaxation (Remix).mp3"
  },
  {
    "id": 10828,
    "new_file_path": "Ethereal, An Elvin Wedding_ Instrumental, World Folk; Relaxation (Remix).mp3"
  },
  {
    "id": 10829,
    "new_file_path": "Ethereal, An Elvin Wedding_ Instrumental, World Folk; Relaxation (Remix).mp3"
  },
  {
    "id": 10830,
    "new_file_path": "Ethereal, An Elvin Wedding_ Instrumental, World Folk; Relaxation (Remix).mp3"
  },
  {
    "id": 10831,
    "new_file_path": "Ethereal, An Elvin Wedding_ Instrumental, World Folk; Relaxation (Remix).mp3"
  }
]