[
  {
    "track_id": 12330,
    "track_title": "on contemplation of physics; baroque contemporary classical opera; duet, female; relaxation",
    "current_file_path": "on-contemplation-of-physics-baroque-contemporary-classical-opera-duet-female-relaxation_1_12330.mp3",
    "suggested_storage_file": "on-contemplation-of-physics;-baroque-contemporary-classical-opera;-duet,-female;-relaxation.mp3",
    "confidence_score": 0.9625,
    "match_type": "id_match"
  },
  {
    "track_id": 11327,
    "track_title": "Joyfully Alive; Movement 1; Improvisational Remix; Re Energize; 100 BPM, Re Energize, FOCUS",
    "current_file_path": "joyfully_alive_movement_1_improvisational_remix_re-energize_100_bpm_re-energize_focus_1_11327.mp3",
    "suggested_storage_file": "Joyfully Alive; Movement 1; Improvisational  (Remix); Re-Energize; 100 BPM, Re-Energize, FOCUS.mp3",
    "confidence_score": 0.9605263157894737,
    "match_type": "id_match"
  },
  {
    "track_id": 13077,
    "track_title": "Sherbrooke, Fields; instrumental; classical bluegrass crossover; 88 BPM; Relaxatuon",
    "current_file_path": "sherbrooke_fields_instrumental_classical_-_bluegrass_crossover_88_bpm_relaxatuon_1_13077.mp3",
    "suggested_storage_file": "Sherbrooke, Fields; instrumental; classical - bluegrass crossover; 88 BPM; Relaxatuon.mp3",
    "confidence_score": 0.9589041095890412,
    "match_type": "id_match"
  },
  {
    "track_id": 13058,
    "track_title": "sherbrooke en ete; instrumental; classical bluegrass crossover; 88 bpm; relaxatuon",
    "current_file_path": "sherbrooke-en-ete-instrumental-classical---bluegrass-crossover-88-bpm-relaxatuon_13058.mp3",
    "suggested_storage_file": "Sherbrooke En Ete; instrumental; classical - bluegrass crossover; 88 BPM; Relaxatuon.mp3",
    "confidence_score": 0.9583333333333334,
    "match_type": "id_match"
  },
  {
    "track_id": 10347,
    "track_title": "Biophillia 2; Instrumental; classical; late 19th century; relaxation; 118 BPM Remix",
    "current_file_path": "biophillia_2_instrumental_classical_late_19th_century_relaxation_118_bpm_remix_10347.mp3",
    "suggested_storage_file": "Biophillia 2; Instrumental; classical; late 19th century; relaxation; 118 BPM (Remix).mp3",
    "confidence_score": 0.9577464788732395,
    "match_type": "id_match"
  },
  {
    "track_id": 10348,
    "track_title": "Biophillia; Instrumental; classical; late 19th century; relaxation; 118 BPM",
    "current_file_path": "biophillia_instrumental_classical_late_19th_century_relaxation_118_bpm_10348.mp3",
    "suggested_storage_file": "Biophillia; Instrumental; classical; late 19th century; relaxation; 118 BPM.mp3",
    "confidence_score": 0.9538461538461538,
    "match_type": "id_match"
  },
  {
    "track_id": 11017,
    "track_title": "Gap Year Reverie; Movement 1; Improvisational Jazz Blues. 68 BPM; Sleep Remix",
    "current_file_path": "gap_year_reverie_movement_1_improvisational_jazz_blues._68_bpm_sleep_remix_11017.mp3",
    "suggested_storage_file": "Gap Year Reverie; Movement 1; Improvisational Jazz Blues. 68 BPM; Sleep (Remix).mp3",
    "confidence_score": 0.9538461538461538,
    "match_type": "id_match"
  },
  {
    "track_id": 10832,
    "track_title": "Ethereal, Instrumental; Electronic, New Age; World Folk; Relaxation, FOCUS",
    "current_file_path": "ethereal_instrumental_electronic_new_age_world_folk_relaxation_focus_10832.mp3",
    "suggested_storage_file": "Ethereal, Instrumental; Electronic, New Age; World Folk; Relaxation, FOCUS.mp3",
    "confidence_score": 0.9523809523809523,
    "match_type": "id_match"
  },
  {
    "track_id": 10926,
    "track_title": "FLAME; CLASSIC BLUES ROCK; FEMALE VOCALS; Re Energize; 88 BPM (Remix 2) Remix",
    "current_file_path": "flame_classic_blues_rock_female_vocals_re-energize_88_bpm_remix_2_remix_1_10926.mp3",
    "suggested_storage_file": "FLAME; CLASSIC BLUES ROCK; FEMALE VOCALS; Re-Energize; 88 BPM  (Remix 2) (Remix).mp3",
    "confidence_score": 0.9516129032258065,
    "match_type": "id_match"
  },
  {
    "track_id": 10927,
    "track_title": "FLAME; CLASSIC BLUES ROCK; FEMALE VOCALS; Re Energize; 88 BPM (Remix 2) Remix",
    "current_file_path": "flame_classic_blues_rock_female_vocals_re-energize_88_bpm_remix_2_remix_10927.mp3",
    "suggested_storage_file": "FLAME; CLASSIC BLUES ROCK; FEMALE VOCALS; Re-Energize; 88 BPM  (Remix 2) (Remix).mp3",
    "confidence_score": 0.9516129032258065,
    "match_type": "id_match"
  },
  {
    "track_id": 12826,
    "track_title": "Samba Neruda; Classical Samba, Instrumental; Focus, Re Energize; 8 Remix",
    "current_file_path": "samba_neruda_classical_-_samba_instrumental_focus_re-energize_8_remix_1_12826.mp3",
    "suggested_storage_file": "Samba Neruda; Classical - Samba, Instrumental; Focus, Re-Energize; 8 (Remix).mp3",
    "confidence_score": 0.9508196721311475,
    "match_type": "id_match"
  },
  {
    "track_id": 10650,
    "track_title": "Dors, Dors, Mon Petit Enfant; Middle French Dorian ; Classical; Phyrgian",
    "current_file_path": "dors_dors_mon_petit_enfant_middle_french_dorian_classical_phyrgian_10650.mp3",
    "suggested_storage_file": "Dors, Dors, Mon Petit Enfant; Middle French Dorian ; Classical; Phyrgian.mp3",
    "confidence_score": 0.95,
    "match_type": "id_match"
  },
  {
    "track_id": 10302,
    "track_title": "Better than the Prophets Speak; POP, FEMALE; 118 BPM; 2020s, Re Energize",
    "current_file_path": "better_than_the_prophets_speak_pop_female_118_bpm_2020s_re-energize_1_10302.mp3",
    "suggested_storage_file": "Better than the Prophets Speak; POP, FEMALE; 118 BPM; 2020s, Re-Energize.mp3",
    "confidence_score": 0.9491525423728814,
    "match_type": "id_match"
  },
  {
    "track_id": 12525,
    "track_title": "Polyphonic Nocturne, 2; Strings, 2 Bluegrass; Classical; Sleep Remix (2)",
    "current_file_path": "polyphonic_nocturne_2_strings_2_bluegrass_classical_sleep_remix_2_1_12525.mp3",
    "suggested_storage_file": "Polyphonic Nocturne, 2; Strings, 2 Bluegrass; Classical; Sleep (Remix) (2).mp3",
    "confidence_score": 0.9491525423728814,
    "match_type": "id_match"
  },
  {
    "track_id": 10303,
    "track_title": "Better than the Prophets Speak; POP, FEMALE; 118 BPM; 2020s, Re Energize",
    "current_file_path": "better_than_the_prophets_speak_pop_female_118_bpm_2020s_re-energize_2_10303.mp3",
    "suggested_storage_file": "Better than the Prophets Speak; POP, FEMALE; 118 BPM; 2020s, Re-Energize.mp3",
    "confidence_score": 0.9491525423728814,
    "match_type": "id_match"
  },
  {
    "track_id": 10304,
    "track_title": "Better than the Prophets Speak; POP, FEMALE; 118 BPM; 2020s, Re Energize",
    "current_file_path": "better_than_the_prophets_speak_pop_female_118_bpm_2020s_re-energize_3_10304.mp3",
    "suggested_storage_file": "Better than the Prophets Speak; POP, FEMALE; 118 BPM; 2020s, Re-Energize.mp3",
    "confidence_score": 0.9491525423728814,
    "match_type": "id_match"
  },
  {
    "track_id": 10305,
    "track_title": "Better than the Prophets Speak; POP, FEMALE; 118 BPM; 2020s, Re Energize",
    "current_file_path": "better_than_the_prophets_speak_pop_female_118_bpm_2020s_re-energize_4_10305.mp3",
    "suggested_storage_file": "Better than the Prophets Speak; POP, FEMALE; 118 BPM; 2020s, Re-Energize.mp3",
    "confidence_score": 0.9491525423728814,
    "match_type": "id_match"
  },
  {
    "track_id": 10306,
    "track_title": "Better than the Prophets Speak; POP, FEMALE; 118 BPM; 2020s, Re Energize",
    "current_file_path": "better_than_the_prophets_speak_pop_female_118_bpm_2020s_re-energize.mp3",
    "suggested_storage_file": "Better than the Prophets Speak; POP, FEMALE; 118 BPM; 2020s, Re-Energize.mp3",
    "confidence_score": 0.9491525423728814,
    "match_type": "id_match"
  },
  {
    "track_id": 10409,
    "track_title": "Cambridge, Midnight; Movement 1; Blues Jazz Remix; Relaxation (Remix)",
    "current_file_path": "cambridge_midnight_movement_1_blues-jazz_remix_relaxation_remix_1_10409.mp3",
    "suggested_storage_file": "Cambridge, Midnight; Movement 1; Blues-Jazz (Remix); Relaxation (Remix).mp3",
    "confidence_score": 0.9482758620689655,
    "match_type": "id_match"
  },
  {
    "track_id": 10410,
    "track_title": "Cambridge, Midnight; Movement 1; Blues Jazz Remix; Relaxation (Remix)",
    "current_file_path": "cambridge_midnight_movement_1_blues-jazz_remix_relaxation_remix_2_10410.mp3",
    "suggested_storage_file": "Cambridge, Midnight; Movement 1; Blues-Jazz (Remix); Relaxation (Remix).mp3",
    "confidence_score": 0.9482758620689655,
    "match_type": "id_match"
  },
  {
    "track_id": 10411,
    "track_title": "Cambridge, Midnight; Movement 1; Blues Jazz Remix; Relaxation (Remix)",
    "current_file_path": "cambridge_midnight_movement_1_blues-jazz_remix_relaxation_remix_10411.mp3",
    "suggested_storage_file": "Cambridge, Midnight; Movement 1; Blues-Jazz (Remix); Relaxation (Remix).mp3",
    "confidence_score": 0.9482758620689655,
    "match_type": "id_match"
  },
  {
    "track_id": 10929,
    "track_title": "FLAME; CLASSIC BLUES ROCK; VOCAL NO REAL WORDS; Re Energize. Remix",
    "current_file_path": "flame_classic_blues_rock_vocal_no_real_words_re-energize._remix_1_10929.mp3",
    "suggested_storage_file": "FLAME; CLASSIC BLUES ROCK; VOCAL NO REAL WORDS; Re-Energize.  (Remix).mp3",
    "confidence_score": 0.9454545454545454,
    "match_type": "id_match"
  },
  {
    "track_id": 10930,
    "track_title": "FLAME; CLASSIC BLUES ROCK; VOCAL NO REAL WORDS; Re Energize. Remix",
    "current_file_path": "flame_classic_blues_rock_vocal_no_real_words_re-energize._remix_10930.mp3",
    "suggested_storage_file": "FLAME; CLASSIC BLUES ROCK; VOCAL NO REAL WORDS; Re-Energize.  (Remix).mp3",
    "confidence_score": 0.9454545454545454,
    "match_type": "id_match"
  },
  {
    "track_id": 10113,
    "track_title": "Alternative frequencies expanding universe instrumental",
    "current_file_path": "alternative_frequencies_expanding_universe_instrumental_10113.mp3",
    "suggested_storage_file": "Alternative frequencies expanding universe instrumental.mp3",
    "confidence_score": 0.9444444444444444,
    "match_type": "id_match"
  },
  {
    "track_id": 11178,
    "track_title": "I'm Right Here, Wide Open; Country; Duet in Two Voices; 2020s(Remix)",
    "current_file_path": "im_right_here_wide_open_country_duet_in_two_voices_2020sremix_11178.mp3",
    "suggested_storage_file": "I'm Right Here, Wide Open; Country; Duet in Two Voices; 2020s(Remix).mp3",
    "confidence_score": 0.9444444444444444,
    "match_type": "id_match"
  },
  {
    "track_id": 10408,
    "track_title": "Cambridge, Dusk; Movement 1; Blues Jazz Remix; Relaxation (Remix)",
    "current_file_path": "cambridge_dusk_movement_1_blues-jazz_remix_relaxation_remix_10408.mp3",
    "suggested_storage_file": "Cambridge, Dusk; Movement 1; Blues-Jazz (Remix); Relaxation (Remix).mp3",
    "confidence_score": 0.9444444444444444,
    "match_type": "id_match"
  },
  {
    "track_id": 10480,
    "track_title": "Contemplation of the Expanding Universe; English; Opera; Female Re Energize Remix",
    "current_file_path": "contemplation_of_the_expanding_universe_english_opera_female_re-energize_remix_1_10480.mp3",
    "suggested_storage_file": "Contemplation of the Expanding Universe; English; Opera; Female Re-Energize (Remix) (1).mp3",
    "confidence_score": 0.9444444444444444,
    "match_type": "id_match"
  },
  {
    "track_id": 10481,
    "track_title": "Contemplation of the Expanding Universe; English; Opera; Female Re Energize Remix",
    "current_file_path": "contemplation_of_the_expanding_universe_english_opera_female_re-energize_remix_3_10481.mp3",
    "suggested_storage_file": "Contemplation of the Expanding Universe; English; Opera; Female Re-Energize (Remix) (1).mp3",
    "confidence_score": 0.9444444444444444,
    "match_type": "id_match"
  },
  {
    "track_id": 10651,
    "track_title": "Dors, Dors, Mon Petit Enfant; Middle French; Classical; Phyrgian",
    "current_file_path": "dors_dors_mon_petit_enfant_middle_french_classical_phyrgian_1_10651.mp3",
    "suggested_storage_file": "Dors, Dors, Mon Petit Enfant; Middle French; Classical; Phyrgian.mp3",
    "confidence_score": 0.9444444444444444,
    "match_type": "id_match"
  },
  {
    "track_id": 10652,
    "track_title": "Dors, Dors, Mon Petit Enfant; Middle French; Classical; Phyrgian",
    "current_file_path": "dors_dors_mon_petit_enfant_middle_french_classical_phyrgian_10652.mp3",
    "suggested_storage_file": "Dors, Dors, Mon Petit Enfant; Middle French; Classical; Phyrgian.mp3",
    "confidence_score": 0.9444444444444444,
    "match_type": "id_match"
  },
  {
    "track_id": 10350,
    "track_title": "Biophillia; Instrumental; classical; late 19th century; relaxation; 118 BPM Remix",
    "current_file_path": "biophillia_instrumental_classical_late_19th_century_relaxation_118_bpm_remix_10_10350.mp3",
    "suggested_storage_file": "Biophillia 2; Instrumental; classical; late 19th century; relaxation; 118 BPM (Remix).mp3",
    "confidence_score": 0.9436619718309859,
    "match_type": "id_match"
  },
  {
    "track_id": 10349,
    "track_title": "Biophillia; Instrumental; classical; late 19th century; relaxation; 118 BPM Remix",
    "current_file_path": "biophillia_instrumental_classical_late_19th_century_relaxation_118_bpm_remix_1_10349.mp3",
    "suggested_storage_file": "Biophillia 2; Instrumental; classical; late 19th century; relaxation; 118 BPM (Remix).mp3",
    "confidence_score": 0.9436619718309859,
    "match_type": "id_match"
  },
  {
    "track_id": 10351,
    "track_title": "Biophillia; Instrumental; classical; late 19th century; relaxation; 118 BPM Remix",
    "current_file_path": "biophillia_instrumental_classical_late_19th_century_relaxation_118_bpm_remix_12_10351.mp3",
    "suggested_storage_file": "Biophillia 2; Instrumental; classical; late 19th century; relaxation; 118 BPM (Remix).mp3",
    "confidence_score": 0.9436619718309859,
    "match_type": "id_match"
  },
  {
    "track_id": 10352,
    "track_title": "Biophillia; Instrumental; classical; late 19th century; relaxation; 118 BPM Remix",
    "current_file_path": "biophillia_instrumental_classical_late_19th_century_relaxation_118_bpm_remix_13_10352.mp3",
    "suggested_storage_file": "Biophillia 2; Instrumental; classical; late 19th century; relaxation; 118 BPM (Remix).mp3",
    "confidence_score": 0.9436619718309859,
    "match_type": "id_match"
  },
  {
    "track_id": 10353,
    "track_title": "Biophillia; Instrumental; classical; late 19th century; relaxation; 118 BPM Remix",
    "current_file_path": "biophillia_instrumental_classical_late_19th_century_relaxation_118_bpm_remix_14_10353.mp3",
    "suggested_storage_file": "Biophillia 2; Instrumental; classical; late 19th century; relaxation; 118 BPM (Remix).mp3",
    "confidence_score": 0.9436619718309859,
    "match_type": "id_match"
  },
  {
    "track_id": 10354,
    "track_title": "Biophillia; Instrumental; classical; late 19th century; relaxation; 118 BPM Remix",
    "current_file_path": "biophillia_instrumental_classical_late_19th_century_relaxation_118_bpm_remix_4_10354.mp3",
    "suggested_storage_file": "Biophillia 2; Instrumental; classical; late 19th century; relaxation; 118 BPM (Remix).mp3",
    "confidence_score": 0.9436619718309859,
    "match_type": "id_match"
  },
  {
    "track_id": 10355,
    "track_title": "Biophillia; Instrumental; classical; late 19th century; relaxation; 118 BPM Remix",
    "current_file_path": "biophillia_instrumental_classical_late_19th_century_relaxation_118_bpm_remix_5_10355.mp3",
    "suggested_storage_file": "Biophillia 2; Instrumental; classical; late 19th century; relaxation; 118 BPM (Remix).mp3",
    "confidence_score": 0.9436619718309859,
    "match_type": "id_match"
  },
  {
    "track_id": 10356,
    "track_title": "Biophillia; Instrumental; classical; late 19th century; relaxation; 118 BPM Remix",
    "current_file_path": "biophillia_instrumental_classical_late_19th_century_relaxation_118_bpm_remix_6_10356.mp3",
    "suggested_storage_file": "Biophillia 2; Instrumental; classical; late 19th century; relaxation; 118 BPM (Remix).mp3",
    "confidence_score": 0.9436619718309859,
    "match_type": "id_match"
  },
  {
    "track_id": 10358,
    "track_title": "Biophillia; Instrumental; classical; late 19th century; relaxation; 118 BPM Remix",
    "current_file_path": "biophillia_instrumental_classical_late_19th_century_relaxation_118_bpm_remix_8_10358.mp3",
    "suggested_storage_file": "Biophillia 2; Instrumental; classical; late 19th century; relaxation; 118 BPM (Remix).mp3",
    "confidence_score": 0.9436619718309859,
    "match_type": "id_match"
  },
  {
    "track_id": 10359,
    "track_title": "Biophillia; Instrumental; classical; late 19th century; relaxation; 118 BPM Remix",
    "current_file_path": "biophillia_instrumental_classical_late_19th_century_relaxation_118_bpm_remix_9_10359.mp3",
    "suggested_storage_file": "Biophillia 2; Instrumental; classical; late 19th century; relaxation; 118 BPM (Remix).mp3",
    "confidence_score": 0.9436619718309859,
    "match_type": "id_match"
  },
  {
    "track_id": 10251,
    "track_title": "Baroque New Age; Happiness; Instrumental; Deep relaxation (2)",
    "current_file_path": "baroque_new_age_happiness_instrumental_deep_relaxation_2_1.mp3",
    "suggested_storage_file": "Baroque New Age; Happiness;  Instrumental; Deep relaxation (2).mp3",
    "confidence_score": 0.9423076923076923,
    "match_type": "id_match"
  },
  {
    "track_id": 10247,
    "track_title": "Baroque New Age; Happiness; Instrumental; Deep relaxation",
    "current_file_path": "baroque_new_age_happiness_instrumental_deep_relaxation_2_10247.mp3",
    "suggested_storage_file": "Baroque New Age; Happiness;  Instrumental; Deep relaxation.mp3",
    "confidence_score": 0.9411764705882353,
    "match_type": "id_match"
  },
  {
    "track_id": 10250,
    "track_title": "Baroque New Age; Happiness; Instrumental; Deep relaxation",
    "current_file_path": "baroque_new_age_happiness_instrumental_deep_relaxation_10250.mp3",
    "suggested_storage_file": "Baroque New Age; Happiness;  Instrumental; Deep relaxation.mp3",
    "confidence_score": 0.9411764705882353,
    "match_type": "id_match"
  },
  {
    "track_id": 10249,
    "track_title": "Baroque New Age; Happiness; Instrumental; Deep relaxation",
    "current_file_path": "baroque_new_age_happiness_instrumental_deep_relaxation_4.mp3",
    "suggested_storage_file": "Baroque New Age; Happiness;  Instrumental; Deep relaxation.mp3",
    "confidence_score": 0.9411764705882353,
    "match_type": "id_match"
  },
  {
    "track_id": 10248,
    "track_title": "Baroque New Age; Happiness; Instrumental; Deep relaxation",
    "current_file_path": "baroque_new_age_happiness_instrumental_deep_relaxation_3.mp3",
    "suggested_storage_file": "Baroque New Age; Happiness;  Instrumental; Deep relaxation.mp3",
    "confidence_score": 0.9411764705882353,
    "match_type": "id_match"
  },
  {
    "track_id": 11003,
    "track_title": "Four Seasons Summer Reimagined from Electronica Album 1",
    "current_file_path": "four_seasons_summer_reimagined_from_electronica_album_1_11003.mp3",
    "suggested_storage_file": "Four Seasons Summer Reimagined from Electronica Album 1.mp3",
    "confidence_score": 0.9411764705882353,
    "match_type": "id_match"
  },
  {
    "track_id": 12732,
    "track_title": "Ride me like a mustang; FEMALE; COUNTRY; 118 BPM; RE ENERGIZE",
    "current_file_path": "ride_me_like_a_mustang_female_country_118_bpm_re-energize_12732.mp3",
    "suggested_storage_file": "Ride me like a mustang; FEMALE; COUNTRY; 118 BPM; RE-ENERGIZE.mp3",
    "confidence_score": 0.94,
    "match_type": "id_match"
  },
  {
    "track_id": 10301,
    "track_title": "Better than the Prophets Speak; Folk; 118 BPM; Re Energize",
    "current_file_path": "better_than_the_prophets_speak_folk_118_bpm_re-energize_10301.mp3",
    "suggested_storage_file": "Better than the Prophets Speak; Folk; 118 BPM; Re-Energize.mp3",
    "confidence_score": 0.9387755102040817,
    "match_type": "id_match"
  },
  {
    "track_id": 10644,
    "track_title": "Dorme, Dorme, Meu Menino; Female Soprano; Classical; 1970s",
    "current_file_path": "dorme_dorme_meu_menino_female_soprano_classical_1970s_10644.mp3",
    "suggested_storage_file": "Dorme, Dorme, Meu Menino; Female Soprano; Classical; 1970s.mp3",
    "confidence_score": 0.9387755102040817,
    "match_type": "id_match"
  },
  {
    "track_id": 10931,
    "track_title": "FLAME; CLASSIC ROCK; MALE VOCALS. Re energize; 88 BPM Remix",
    "current_file_path": "flame_classic_rock_male_vocals._re-energize_88_bpm_remix_10931.mp3",
    "suggested_storage_file": "FLAME; CLASSIC ROCK; MALE VOCALS. Re-energize; 88 BPM  (Remix).mp3",
    "confidence_score": 0.9387755102040817,
    "match_type": "id_match"
  },
  {
    "track_id": 10183,
    "track_title": "Artic Kitties; Indie Pop; 2020s; HIIT, Re Energize Remix",
    "current_file_path": "artic_kitties_indie_pop_2020s_hiit_re-energize_remix_10183.mp3",
    "suggested_storage_file": "Artic Kitties; Indie Pop; 2020s;  HIIT, Re-Energize (Remix).mp3",
    "confidence_score": 0.9361702127659575,
    "match_type": "id_match"
  },
  {
    "track_id": 10750,
    "track_title": "Dusk in My Eyes; Movement 1 Remix; Nocturne; Sleep; 60 BPM",
    "current_file_path": "dusk_in_my_eyes_movement_1_remix_nocturne_sleep_60_bpm_1_10750.mp3",
    "suggested_storage_file": "Dusk in My Eyes; Movement 1 (Remix); Nocturne; Sleep; 60 BPM.mp3",
    "confidence_score": 0.9361702127659575,
    "match_type": "id_match"
  },
  {
    "track_id": 10751,
    "track_title": "Dusk in My Eyes; Movement 1 Remix; Nocturne; Sleep; 60 BPM",
    "current_file_path": "dusk_in_my_eyes_movement_1_remix_nocturne_sleep_60_bpm_3_10751.mp3",
    "suggested_storage_file": "Dusk in My Eyes; Movement 1 (Remix); Nocturne; Sleep; 60 BPM.mp3",
    "confidence_score": 0.9361702127659575,
    "match_type": "id_match"
  },
  {
    "track_id": 10752,
    "track_title": "Dusk in My Eyes; Movement 1 Remix; Nocturne; Sleep; 60 BPM",
    "current_file_path": "dusk_in_my_eyes_movement_1_remix_nocturne_sleep_60_bpm_4_10752.mp3",
    "suggested_storage_file": "Dusk in My Eyes; Movement 1 (Remix); Nocturne; Sleep; 60 BPM.mp3",
    "confidence_score": 0.9361702127659575,
    "match_type": "id_match"
  },
  {
    "track_id": 10753,
    "track_title": "Dusk in My Eyes; Movement 1 Remix; Nocturne; Sleep; 60 BPM",
    "current_file_path": "dusk_in_my_eyes_movement_1_remix_nocturne_sleep_60_bpm_5_10753.mp3",
    "suggested_storage_file": "Dusk in My Eyes; Movement 1 (Remix); Nocturne; Sleep; 60 BPM.mp3",
    "confidence_score": 0.9361702127659575,
    "match_type": "id_match"
  },
  {
    "track_id": 10754,
    "track_title": "Dusk in My Eyes; Movement 1 Remix; Nocturne; Sleep; 60 BPM",
    "current_file_path": "dusk_in_my_eyes_movement_1_remix_nocturne_sleep_60_bpm_6_10754.mp3",
    "suggested_storage_file": "Dusk in My Eyes; Movement 1 (Remix); Nocturne; Sleep; 60 BPM.mp3",
    "confidence_score": 0.9361702127659575,
    "match_type": "id_match"
  },
  {
    "track_id": 10755,
    "track_title": "Dusk in My Eyes; Movement 1 Remix; Nocturne; Sleep; 60 BPM",
    "current_file_path": "dusk_in_my_eyes_movement_1_remix_nocturne_sleep_60_bpm_8_10755.mp3",
    "suggested_storage_file": "Dusk in My Eyes; Movement 1 (Remix); Nocturne; Sleep; 60 BPM.mp3",
    "confidence_score": 0.9361702127659575,
    "match_type": "id_match"
  },
  {
    "track_id": 10756,
    "track_title": "Dusk in My Eyes; Movement 1 Remix; Nocturne; Sleep; 60 BPM",
    "current_file_path": "dusk_in_my_eyes_movement_1_remix_nocturne_sleep_60_bpm_10756.mp3",
    "suggested_storage_file": "Dusk in My Eyes; Movement 1 (Remix); Nocturne; Sleep; 60 BPM.mp3",
    "confidence_score": 0.9361702127659575,
    "match_type": "id_match"
  },
  {
    "track_id": 10940,
    "track_title": "FLAME; ROCK; MALE VOCALS. Re energize; 88 BPM Remix (Cover)",
    "current_file_path": "flame_rock_male_vocals._re-energize_88_bpm_remix_cover_10940.mp3",
    "suggested_storage_file": "FLAME; ROCK; MALE VOCALS. Re-energize; 88 BPM  (Remix) (Cover).mp3",
    "confidence_score": 0.9361702127659575,
    "match_type": "id_match"
  },
  {
    "track_id": 12373,
    "track_title": "our children have your eyes; samba jazz Remix; 2; sleep",
    "current_file_path": "our_children_have_your_eyes_samba-jazz_remix_2_sleep_1_12373.mp3",
    "suggested_storage_file": "our children have your eyes; samba-jazz (Remix); 2; sleep.mp3",
    "confidence_score": 0.9347826086956522,
    "match_type": "id_match"
  },
  {
    "track_id": 12557,
    "track_title": "Primavera; Movement 1; Female; Baroque Italian; Sleep",
    "current_file_path": "primavera_movement_1_female_baroque_italian_sleep_1_12557.mp3",
    "suggested_storage_file": "Primavera; Movement 1; Female; Baroque Italian; Sleep.mp3",
    "confidence_score": 0.9347826086956522,
    "match_type": "id_match"
  },
  {
    "track_id": 10445,
    "track_title": "Chopin Transpored Nocturne in D flat Major Op 27 No 2",
    "current_file_path": "chopin_transpored_nocturne_in_d_flat_major_op_27_no_2_1_10445.mp3",
    "suggested_storage_file": "Chopin Transpored Nocturne in D flat Major Op 27 No 2.mp3",
    "confidence_score": 0.9347826086956522,
    "match_type": "id_match"
  },
  {
    "track_id": 10449,
    "track_title": "Chopin, Transpored, Nocturne in D flat Major, Op. 27 No. 2",
    "current_file_path": "chopin_transpored_nocturne_in_d-flat_major_op._27_no._2_2_10449.mp3",
    "suggested_storage_file": "Chopin Transpored Nocturne in D flat Major Op 27 No 2.mp3",
    "confidence_score": 0.9347826086956522,
    "match_type": "id_match"
  },
  {
    "track_id": 10446,
    "track_title": "Chopin Transpored Nocturne in D flat Major Op 27 No 2",
    "current_file_path": "chopin_transpored_nocturne_in_d_flat_major_op_27_no_2_10446.mp3",
    "suggested_storage_file": "Chopin Transpored Nocturne in D flat Major Op 27 No 2.mp3",
    "confidence_score": 0.9347826086956522,
    "match_type": "id_match"
  },
  {
    "track_id": 10447,
    "track_title": "chopin, transpored, nocturne in d flat major, op. 27 no. 2",
    "current_file_path": "chopin-transpored-nocturne-in-d-flat-major-op.-27-no.-2_1.mp3",
    "suggested_storage_file": "Chopin Transpored Nocturne in D flat Major Op 27 No 2.mp3",
    "confidence_score": 0.9347826086956522,
    "match_type": "id_match"
  },
  {
    "track_id": 3407,
    "track_title": "Your Sonata, 2; Instrumental, Classical; Relaxation",
    "current_file_path": "your_sonata_2_instrumental_classical_relaxation.mp3",
    "suggested_storage_file": "Your Sonata, 2; Instrumental, Classical; Relaxation.mp3",
    "confidence_score": 0.9333333333333333,
    "match_type": "id_match"
  },
  {
    "track_id": 10428,
    "track_title": "Cantata della Sposa; Cantata, Classical; FOCUS; COFFEE; MORNING BREAK",
    "current_file_path": "cantata_della_sposa_cantata_classical_focus_coffee_morning_break_1_10428.mp3",
    "suggested_storage_file": "Cantata della Sposa; Cantata, Classical; FOCUS; COFFEE; MORNING BREAK (1).mp3",
    "confidence_score": 0.9333333333333333,
    "match_type": "id_match"
  },
  {
    "track_id": 10429,
    "track_title": "Cantata della Sposa; Cantata, Classical; FOCUS; COFFEE; MORNING BREAK",
    "current_file_path": "cantata_della_sposa_cantata_classical_focus_coffee_morning_break_2_10429.mp3",
    "suggested_storage_file": "Cantata della Sposa; Cantata, Classical; FOCUS; COFFEE; MORNING BREAK (1).mp3",
    "confidence_score": 0.9333333333333333,
    "match_type": "id_match"
  },
  {
    "track_id": 10430,
    "track_title": "Cantata della Sposa; Cantata, Classical; FOCUS; COFFEE; MORNING BREAK",
    "current_file_path": "cantata_della_sposa_cantata_classical_focus_coffee_morning_break_3_10430.mp3",
    "suggested_storage_file": "Cantata della Sposa; Cantata, Classical; FOCUS; COFFEE; MORNING BREAK (1).mp3",
    "confidence_score": 0.9333333333333333,
    "match_type": "id_match"
  },
  {
    "track_id": 10794,
    "track_title": "Espoo by Morning, 2; Dorian; EDM classical; HIIT Remix",
    "current_file_path": "espoo_by_morning_2_dorian_edm-classical_hiit_remix_10794.mp3",
    "suggested_storage_file": "Espoo by Morning, 2; Dorian; EDM-classical; HIIT (Remix).mp3",
    "confidence_score": 0.9333333333333333,
    "match_type": "id_match"
  },
  {
    "track_id": 10928,
    "track_title": "FLAME; CLASSIC BLUES ROCK; Re Energize; 88 BPM (Remix 2)",
    "current_file_path": "flame_classic_blues_rock_re-energize_88_bpm_remix_2_10928.mp3",
    "suggested_storage_file": "FLAME; CLASSIC BLUES ROCK; Re-Energize; 88 BPM  (Remix 2).mp3",
    "confidence_score": 0.9333333333333333,
    "match_type": "id_match"
  },
  {
    "track_id": 12242,
    "track_title": "Ode to My Love; Americana; FEMALE VOCALS. 88 BPM; Pain",
    "current_file_path": "ode_to_my_love_americana_female_vocals._88_bpm_pain_12242.mp3",
    "suggested_storage_file": "Ode to My Love;  Americana; FEMALE VOCALS. 88 BPM; Pain.mp3",
    "confidence_score": 0.9318181818181819,
    "match_type": "id_match"
  },
  {
    "track_id": 11374,
    "track_title": "Lay Your Love On Me, Blues Rock, Male Vocals, V 1 Remix",
    "current_file_path": "lay_your_love_on_me_blues_rock_male_vocals_v_1_remix_11374.mp3",
    "suggested_storage_file": "Lay Your Love On Me, Blues Rock, Male Vocals, V 1 (Remix).mp3",
    "confidence_score": 0.9318181818181819,
    "match_type": "id_match"
  },
  {
    "track_id": 10617,
    "track_title": "Do Hobbits Dance EDM 1970s, Re Energize, HIIT Remix",
    "current_file_path": "do_hobbits_dance_edm_-_1970s_re-energize_hiit_remix_2_10617.mp3",
    "suggested_storage_file": "Do Hobbits Dance; EDM - 1970s, Re-Energize, HIIT (Remix).mp3",
    "confidence_score": 0.9318181818181819,
    "match_type": "id_match"
  },
  {
    "track_id": 10403,
    "track_title": "Call Out, Americana DUET. 88 BPM Remix, Relaxation",
    "current_file_path": "call_out_americana_duet._88_bpm_remix_relaxation.mp3",
    "suggested_storage_file": "Call Out, Americana DUET. 88 BPM (Remix), Relaxation.mp3",
    "confidence_score": 0.9302325581395349,
    "match_type": "id_match"
  },
  {
    "track_id": 10527,
    "track_title": "Dawn in the Arctic Circle Arctic Kitties Album 1",
    "current_file_path": "dawn_in_the_arctic_circle_arctic_kitties_album_1_1_10527.mp3",
    "suggested_storage_file": "Dawn in the Arctic Circle Arctic Kitties Album 1 .mp3",
    "confidence_score": 0.9302325581395349,
    "match_type": "id_match"
  },
  {
    "track_id": 10529,
    "track_title": "Dawn in the Arctic Circle Arctic Kitties Album 1",
    "current_file_path": "dawn_in_the_arctic_circle_arctic_kitties_album_1_.mp3",
    "suggested_storage_file": "Dawn in the Arctic Circle Arctic Kitties Album 1 .mp3",
    "confidence_score": 0.9302325581395349,
    "match_type": "id_match"
  },
  {
    "track_id": 10063,
    "track_title": "a mandolin and a ukelele meet at a concert Remix",
    "current_file_path": "a_mandolin_and_a_ukelele_meet_at_a_concert_remix_10063.mp3",
    "suggested_storage_file": "a_mandolin_and_a_ukelele_meet_at_a_concert_remix.mp3",
    "confidence_score": 0.9285714285714286,
    "match_type": "id_match"
  },
  {
    "track_id": 10100,
    "track_title": "All You Want; Folk; Duet in Two Voices; 1980s(Remix)",
    "current_file_path": "all_you_want_folk_duet_in_two_voices_1980sremix_1_10100.mp3",
    "suggested_storage_file": "all_you_want_folk_duet_in_two_voices_1980sremix.mp3",
    "confidence_score": 0.9285714285714286,
    "match_type": "id_match"
  },
  {
    "track_id": 10643,
    "track_title": "Dorme, Dorme, Meu Menino; Classical; Female; 2020s",
    "current_file_path": "dorme_dorme_meu_menino_classical_female_2020s_10643.mp3",
    "suggested_storage_file": "Dorme, Dorme, Meu Menino; Classical; Female; 2020s.mp3",
    "confidence_score": 0.9285714285714286,
    "match_type": "id_match"
  },
  {
    "track_id": 10778,
    "track_title": "Ellegiac; Phyrgian; Instrumental; 118 BPM; FOCUS",
    "current_file_path": "ellegiac_phyrgian_instrumental_118_bpm_focus_1_10778.mp3",
    "suggested_storage_file": "Ellegiac; Phyrgian; Instrumental; 118 BPM; FOCUS.mp3",
    "confidence_score": 0.9285714285714286,
    "match_type": "id_match"
  },
  {
    "track_id": 10779,
    "track_title": "Ellegiac; Phyrgian; Instrumental; 118 BPM; FOCUS",
    "current_file_path": "ellegiac_phyrgian_instrumental_118_bpm_focus_10779.mp3",
    "suggested_storage_file": "Ellegiac; Phyrgian; Instrumental; 118 BPM; FOCUS.mp3",
    "confidence_score": 0.9285714285714286,
    "match_type": "id_match"
  },
  {
    "track_id": 10939,
    "track_title": "FLAME; ROCK; MALE VOCALS. Re energize; 88 BPM Remix",
    "current_file_path": "flame_rock_male_vocals._re-energize_88_bpm_remix_10939.mp3",
    "suggested_storage_file": "FLAME; ROCK; MALE VOCALS. Re-energize; 88 BPM  (Remix).mp3",
    "confidence_score": 0.9285714285714286,
    "match_type": "id_match"
  },
  {
    "track_id": 10941,
    "track_title": "FLAME; Rock; Re energize; 88 BPM Remix (Cover) (Cover)",
    "current_file_path": "flame_rock_re-energize_88_bpm_remix_cover_cover_2_10941.mp3",
    "suggested_storage_file": "FLAME; Rock; Re-energize; 88 BPM  (Remix) (Cover) (Cover).mp3",
    "confidence_score": 0.9285714285714286,
    "match_type": "id_match"
  },
  {
    "track_id": 10942,
    "track_title": "FLAME; Rock; Re energize; 88 BPM Remix (Cover) (Cover)",
    "current_file_path": "flame_rock_re-energize_88_bpm_remix_cover_cover_10942.mp3",
    "suggested_storage_file": "FLAME; Rock; Re-energize; 88 BPM  (Remix) (Cover) (Cover).mp3",
    "confidence_score": 0.9285714285714286,
    "match_type": "id_match"
  },
  {
    "track_id": 10626,
    "track_title": "Dolphin Call EDM 1970s, Re Energize, HIIT Remix",
    "current_file_path": "dolphin_call_edm_-_1970s_re-energize_hiit_remix_1_10626.mp3",
    "suggested_storage_file": "Dolphin Call; EDM - 1970s, Re-Energize, HIIT (Remix).mp3",
    "confidence_score": 0.926829268292683,
    "match_type": "id_match"
  },
  {
    "track_id": 12028,
    "track_title": "Mykonos Moonlight, House POP Remix, FEMALE V 1",
    "current_file_path": "mykonos_moonlight_house_pop_remix_female_v_1_12028.wav",
    "suggested_storage_file": "Mykonos Moonlight, House POP Remix, FEMALE V 1.mp3",
    "confidence_score": 0.925,
    "match_type": "id_match"
  },
  {
    "track_id": 12112,
    "track_title": "Night Song; Movement 2; Classical; Relaxation",
    "current_file_path": "night_song_movement_2_classical_relaxation_12112.mp3",
    "suggested_storage_file": "Night Song; Movement 2; Classical; Relaxation.mp3",
    "confidence_score": 0.925,
    "match_type": "id_match"
  },
  {
    "track_id": 10469,
    "track_title": "Come to me and tell you are mine female vocals",
    "current_file_path": "come_to_me_and_tell_you_are_mine_female_vocals_10469.mp3",
    "suggested_storage_file": "Come to me and tell you are mine female vocals.mp3",
    "confidence_score": 0.925,
    "match_type": "id_match"
  },
  {
    "track_id": 10468,
    "track_title": "Come to me and tell you are mine female vocals",
    "current_file_path": "come_to_me_and_tell_you_are_mine_female_vocals_2.mp3",
    "suggested_storage_file": "Come to me and tell you are mine female vocals.mp3",
    "confidence_score": 0.925,
    "match_type": "id_match"
  },
  {
    "track_id": 10474,
    "track_title": "constantinople of the sephardim, movement 3",
    "current_file_path": "constantinople-of-the-sephardim-movement-3.mp3",
    "suggested_storage_file": "constantinople-of-the-sephardim,-movement-3.mp3",
    "confidence_score": 0.925,
    "match_type": "id_match"
  },
  {
    "track_id": 10467,
    "track_title": "Come to me and tell you are mine female vocals",
    "current_file_path": "come_to_me_and_tell_you_are_mine_female_vocals_1.mp3",
    "suggested_storage_file": "Come to me and tell you are mine female vocals.mp3",
    "confidence_score": 0.925,
    "match_type": "id_match"
  },
  {
    "track_id": 10932,
    "track_title": "FLAME; CLASSIC ROCK; Re Energize; 88 BPM (Remix 3)",
    "current_file_path": "flame_classic_rock_re-energize_88_bpm_remix_3_10932.mp3",
    "suggested_storage_file": "FLAME; CLASSIC ROCK; Re-Energize; 88 BPM  (Remix) (2).mp3",
    "confidence_score": 0.925,
    "match_type": "id_match"
  },
  {
    "track_id": 10749,
    "track_title": "Dusk in My Eyes; JAZZ Movement 1 Remix; Nocturne; Sleep; 60 BPM",
    "current_file_path": "dusk_in_my_eyes_jazz_movement_1_remix_nocturne_sleep_60_bpm_1_10749.mp3",
    "suggested_storage_file": "Dusk in My Eyes; JAZZ Movement 1 (Remix); Nocturne; Sleep; 60 BPM (1).mp3",
    "confidence_score": 0.9230769230769231,
    "match_type": "id_match"
  },
  {
    "track_id": 12016,
    "track_title": "My Love, Tropical House, Female Vocals, REMIX",
    "current_file_path": "my_love_tropical_house_female_vocals_remix_1_12016.mp3",
    "suggested_storage_file": "My Love, Tropical House, Female Vocals, REMIX.mp3",
    "confidence_score": 0.9230769230769231,
    "match_type": "id_match"
  },
  {
    "track_id": 10111,
    "track_title": "Alternative frequencies 3 from 432 album 1",
    "current_file_path": "alternative_frequencies_3_from_432_album_1_10111.mp3",
    "suggested_storage_file": "Alternative frequencies 3 from 432 album 1 .mp3",
    "confidence_score": 0.9230769230769231,
    "match_type": "id_match"
  },
  {
    "track_id": 10669,
    "track_title": "Dream You Dream Me, Ambient Dance EDM, 128 BPM",
    "current_file_path": "dream_you_dream_me_ambient_dance_edm_128_bpm_10669.mp3",
    "suggested_storage_file": "Dream You _Dream Me, Ambient Dance_EDM, 128 BPM.mp3",
    "confidence_score": 0.9230769230769231,
    "match_type": "id_match"
  },
  {
    "track_id": 10101,
    "track_title": "Allegria; Duet; Cantata Crossover Classical; Re Energize",
    "current_file_path": "allegria_duet_cantata_crossover_-_classical_re-energize_2_10101.mp3",
    "suggested_storage_file": "allegria_duet_cantata_crossover_-_classical_re-energize_1.mp3",
    "confidence_score": 0.9215686274509804,
    "match_type": "id_match"
  },
  {
    "track_id": 10936,
    "track_title": "FLAME; Instrumental; Re energize; 88 BPM Remix (Cover) (Cover)",
    "current_file_path": "flame_instrumental_re-energize_88_bpm_remix_cover_cover_2_10936.mp3",
    "suggested_storage_file": "FLAME; Instrumental; Re-energize; 88 BPM  (Remix) (Cover) (Cover) (2).mp3",
    "confidence_score": 0.9215686274509804,
    "match_type": "id_match"
  },
  {
    "track_id": 12036,
    "track_title": "Mykonos; Dorian; EDM classical; Re Energize",
    "current_file_path": "mykonos_dorian_edm_classical_re-energize_1_12036.mp3",
    "suggested_storage_file": "Mykonos; Dorian; EDM_ classical; Re-Energize.mp3",
    "confidence_score": 0.9210526315789473,
    "match_type": "id_match"
  },
  {
    "track_id": 10257,
    "track_title": "Baroque Sonata; in A Major; Movement 1; 60 BPM",
    "current_file_path": "baroque_sonata_in_a_major_movement_1_60_bpm_1_10257.mp3",
    "suggested_storage_file": "Baroque Sonata; in A Major; Movement 1; 60 BPM.mp3",
    "confidence_score": 0.9210526315789473,
    "match_type": "id_match"
  },
  {
    "track_id": 10258,
    "track_title": "Baroque Sonata; in A Major; Movement 1; 60 BPM",
    "current_file_path": "baroque_sonata_in_a_major_movement_1_60_bpm_10258.mp3",
    "suggested_storage_file": "Baroque Sonata; in A Major; Movement 1; 60 BPM.mp3",
    "confidence_score": 0.9210526315789473,
    "match_type": "id_match"
  },
  {
    "track_id": 10321,
    "track_title": "Big Cats from Arctic Kitties Album 2 Remix",
    "current_file_path": "big_cats_from_arctic_kitties_album_2_remix_10321.mp3",
    "suggested_storage_file": "Big Cats from Arctic Kitties Album 2 (Remix).mp3",
    "confidence_score": 0.9210526315789473,
    "match_type": "id_match"
  },
  {
    "track_id": 10320,
    "track_title": "Big Cats from Arctic Kitties Album 2 Remix",
    "current_file_path": "big_cats_from_arctic_kitties_album_2_remix_1.mp3",
    "suggested_storage_file": "Big Cats from Arctic Kitties Album 2 (Remix).mp3",
    "confidence_score": 0.9210526315789473,
    "match_type": "id_match"
  },
  {
    "track_id": 12973,
    "track_title": "Shakespeare's Sonnet LIII, A Sonnet In Jazz",
    "current_file_path": "shakespeares_sonnet_liii_a_sonnet_in_jazz_4_12973.mp3",
    "suggested_storage_file": "Shakespeare's Sonnet LIII, A Sonnet In Jazz.mp3",
    "confidence_score": 0.9210526315789473,
    "match_type": "id_match"
  },
  {
    "track_id": 12976,
    "track_title": "Shakespeare's Sonnet LIII, A Sonnet In Jazz",
    "current_file_path": "shakespeares_sonnet_liii_a_sonnet_in_jazz_7_12976.mp3",
    "suggested_storage_file": "Shakespeare's Sonnet LIII, A Sonnet In Jazz.mp3",
    "confidence_score": 0.9210526315789473,
    "match_type": "id_match"
  },
  {
    "track_id": 10060,
    "track_title": "a mandolin and a ukelele meet at a concert",
    "current_file_path": "a_mandolin_and_a_ukelele_meet_at_a_concert_1_10060.mp3",
    "suggested_storage_file": "a mandolin and a ukelele meet at a concert .mp3",
    "confidence_score": 0.9189189189189189,
    "match_type": "id_match"
  },
  {
    "track_id": 10377,
    "track_title": "Bright As Dew; Female; Baroque; Relaxation",
    "current_file_path": "bright_as_dew_female_baroque_relaxation_10377.mp3",
    "suggested_storage_file": "Bright As Dew; Female; Baroque; Relaxation.mp3",
    "confidence_score": 0.9189189189189189,
    "match_type": "id_match"
  },
  {
    "track_id": 11375,
    "track_title": "Lay Your Love On Me, Blues Rock, Male Vocals.",
    "current_file_path": "lay_your_love_on_me_blues_rock_male_vocals._1_11375.mp3",
    "suggested_storage_file": "Lay Your Love On Me, Blues Rock, Male Vocals..mp3",
    "confidence_score": 0.9189189189189189,
    "match_type": "id_match"
  },
  {
    "track_id": 12956,
    "track_title": "Shakespeare's Sonnet LII, A Sonnet In Jazz",
    "current_file_path": "shakespeares_sonnet_lii_a_sonnet_in_jazz_10_12956.mp3",
    "suggested_storage_file": "Shakespeare's Sonnet LII, A Sonnet In Jazz.mp3",
    "confidence_score": 0.9189189189189189,
    "match_type": "id_match"
  },
  {
    "track_id": 12962,
    "track_title": "Shakespeare's Sonnet LII, A Sonnet In Jazz",
    "current_file_path": "shakespeares_sonnet_lii_a_sonnet_in_jazz_6_12962.mp3",
    "suggested_storage_file": "Shakespeare's Sonnet LII, A Sonnet In Jazz.mp3",
    "confidence_score": 0.9189189189189189,
    "match_type": "id_match"
  },
  {
    "track_id": 12186,
    "track_title": "nyc, 1965; jazz; instrumental; sleep (remix)",
    "current_file_path": "nyc-1965-jazz-instrumental-sleep-remix_1_12186.mp3",
    "suggested_storage_file": "NYC, 1965; Jazz; Instrumental; Sleep (Remix).mp3",
    "confidence_score": 0.9166666666666666,
    "match_type": "id_match"
  },
  {
    "track_id": 10400,
    "track_title": "Call Out, Ambient Dance EDM, 128 BPM Remix",
    "current_file_path": "call_out_ambient_dance_edm_128_bpm_remix_1_10400.mp3",
    "suggested_storage_file": "Call Out, Ambient Dance_EDM, 128 BPM (Remix).mp3",
    "confidence_score": 0.9166666666666666,
    "match_type": "id_match"
  },
  {
    "track_id": 10602,
    "track_title": "Dialogic, 2; Instrumental; Baroque; Focus",
    "current_file_path": "dialogic_2_instrumental_baroque_focus_10602.mp3",
    "suggested_storage_file": "Dialogic, 2; Instrumental; Baroque; Focus.mp3",
    "confidence_score": 0.9166666666666666,
    "match_type": "id_match"
  },
  {
    "track_id": 10938,
    "track_title": "FLAME; RnB, FUNK; Re Energize; 88 BPM Remix",
    "current_file_path": "flame_rnb_funk_re-energize_88_bpm_remix_10938.mp3",
    "suggested_storage_file": "FLAME; RnB, FUNK; Re-Energize; 88 BPM  (Remix).mp3",
    "confidence_score": 0.9142857142857143,
    "match_type": "id_match"
  },
  {
    "track_id": 10999,
    "track_title": "For DH with Love, Sonata 2 Instrumental",
    "current_file_path": "for_dh_with_love_sonata_2_-_instrumental.mp3",
    "suggested_storage_file": "For DH with Love, Sonata 2  - Instrumental.mp3",
    "confidence_score": 0.9142857142857143,
    "match_type": "id_match"
  },
  {
    "track_id": 11159,
    "track_title": "I wish you love; Male; Remix; disco; 1970s",
    "current_file_path": "i_wish_you_love_male_remix_disco_1970s_11159.mp3",
    "suggested_storage_file": "I wish you love; Male; Remix; disco; 1970s .mp3",
    "confidence_score": 0.9117647058823529,
    "match_type": "id_match"
  },
  {
    "track_id": 11012,
    "track_title": "fresh cut from arctic kitties album 2",
    "current_file_path": "fresh_cut_from_arctic_kitties_album_2_11012.mp3",
    "suggested_storage_file": "fresh cut from arctic kitties album 2.mp3",
    "confidence_score": 0.9117647058823529,
    "match_type": "id_match"
  },
  {
    "track_id": 10795,
    "track_title": "Espoo by Morning; Dorian; EDM classical; HIIT Remix",
    "current_file_path": "espoo_by_morning_dorian_edm-classical_hiit_remix_1_10795.mp3",
    "suggested_storage_file": "Espoo by Morning, 2; Dorian; EDM-classical; HIIT (Remix).mp3",
    "confidence_score": 0.9111111111111111,
    "match_type": "id_match"
  },
  {
    "track_id": 10796,
    "track_title": "Espoo by Morning; Dorian; EDM classical; HIIT Remix",
    "current_file_path": "espoo_by_morning_dorian_edm-classical_hiit_remix_2_10796.mp3",
    "suggested_storage_file": "Espoo by Morning, 2; Dorian; EDM-classical; HIIT (Remix).mp3",
    "confidence_score": 0.9111111111111111,
    "match_type": "id_match"
  },
  {
    "track_id": 10797,
    "track_title": "Espoo by Morning; Dorian; EDM classical; HIIT Remix",
    "current_file_path": "espoo_by_morning_dorian_edm-classical_hiit_remix_3_10797.mp3",
    "suggested_storage_file": "Espoo by Morning, 2; Dorian; EDM-classical; HIIT (Remix).mp3",
    "confidence_score": 0.9111111111111111,
    "match_type": "id_match"
  },
  {
    "track_id": 90,
    "track_title": "a mandolin and a ukelele meet at a bar",
    "current_file_path": "a_mandolin_and_a_ukelele_meet_at_a_bar.mp3",
    "suggested_storage_file": "a mandolin and a ukelele meet at a bar.mp3",
    "confidence_score": 0.9090909090909091,
    "match_type": "id_match"
  },
  {
    "track_id": 10319,
    "track_title": "Big Cats from Arctic Kitties Album 2",
    "current_file_path": "big_cats_from_arctic_kitties_album_2_10319.mp3",
    "suggested_storage_file": "Big Cats from Arctic Kitties Album 2.mp3",
    "confidence_score": 0.9090909090909091,
    "match_type": "id_match"
  },
  {
    "track_id": 10340,
    "track_title": "Binaural beats in a low HZ frequency",
    "current_file_path": "binaural_beats_in_a_low_hz_frequency_1_10340.mp3",
    "suggested_storage_file": "Binaural beats in a low HZ frequency.mp3",
    "confidence_score": 0.9090909090909091,
    "match_type": "id_match"
  },
  {
    "track_id": 10341,
    "track_title": "Binaural beats in a low HZ frequency",
    "current_file_path": "binaural_beats_in_a_low_hz_frequency_2_10341.mp3",
    "suggested_storage_file": "Binaural beats in a low HZ frequency.mp3",
    "confidence_score": 0.9090909090909091,
    "match_type": "id_match"
  },
  {
    "track_id": 10342,
    "track_title": "Binaural beats in a low HZ frequency",
    "current_file_path": "binaural_beats_in_a_low_hz_frequency_3_10342.mp3",
    "suggested_storage_file": "Binaural beats in a low HZ frequency.mp3",
    "confidence_score": 0.9090909090909091,
    "match_type": "id_match"
  },
  {
    "track_id": 10343,
    "track_title": "Binaural beats in a low HZ frequency",
    "current_file_path": "binaural_beats_in_a_low_hz_frequency_4_10343.mp3",
    "suggested_storage_file": "Binaural beats in a low HZ frequency.mp3",
    "confidence_score": 0.9090909090909091,
    "match_type": "id_match"
  },
  {
    "track_id": 10344,
    "track_title": "Binaural beats in a low HZ frequency",
    "current_file_path": "binaural_beats_in_a_low_hz_frequency_10344.mp3",
    "suggested_storage_file": "Binaural beats in a low HZ frequency.mp3",
    "confidence_score": 0.9090909090909091,
    "match_type": "id_match"
  },
  {
    "track_id": 10771,
    "track_title": "El Mar Azul, Classic Rock, 1970s Remix",
    "current_file_path": "el_mar_azul_classic_rock_1970s_remix_1_10771.mp3",
    "suggested_storage_file": "El Mar Azul, Classic Rock, 1970s (Remix).mp3",
    "confidence_score": 0.9090909090909091,
    "match_type": "id_match"
  },
  {
    "track_id": 10772,
    "track_title": "El Mar Azul, Classic Rock, 1970s Remix",
    "current_file_path": "el_mar_azul_classic_rock_1970s_remix_3_10772.mp3",
    "suggested_storage_file": "El Mar Azul, Classic Rock, 1970s (Remix).mp3",
    "confidence_score": 0.9090909090909091,
    "match_type": "id_match"
  },
  {
    "track_id": 10773,
    "track_title": "El Mar Azul, Classic Rock, 1970s Remix",
    "current_file_path": "el_mar_azul_classic_rock_1970s_remix_4_10773.mp3",
    "suggested_storage_file": "El Mar Azul, Classic Rock, 1970s (Remix).mp3",
    "confidence_score": 0.9090909090909091,
    "match_type": "id_match"
  },
  {
    "track_id": 10774,
    "track_title": "El Mar Azul, Classic Rock, 1970s Remix",
    "current_file_path": "el_mar_azul_classic_rock_1970s_remix_5_10774.mp3",
    "suggested_storage_file": "El Mar Azul, Classic Rock, 1970s (Remix).mp3",
    "confidence_score": 0.9090909090909091,
    "match_type": "id_match"
  },
  {
    "track_id": 10775,
    "track_title": "El Mar Azul, Classic Rock, 1970s Remix",
    "current_file_path": "el_mar_azul_classic_rock_1970s_remix_10775.mp3",
    "suggested_storage_file": "El Mar Azul, Classic Rock, 1970s (Remix).mp3",
    "confidence_score": 0.9090909090909091,
    "match_type": "id_match"
  },
  {
    "track_id": 10934,
    "track_title": "FLAME; EDM POP; Re Energize. 118 Remix; RE ENERGIZE",
    "current_file_path": "flame_edm_pop_re-energize._118_remix_re-energize_1_10934.mp3",
    "suggested_storage_file": "FLAME; EDM POP; Re-Energize.  118 (Remix); RE-ENERGIZE (1).mp3",
    "confidence_score": 0.9069767441860466,
    "match_type": "id_match"
  },
  {
    "track_id": 10935,
    "track_title": "FLAME; EDM POP; Re Energize. 118 Remix; RE ENERGIZE",
    "current_file_path": "flame_edm_pop_re-energize._118_remix_re-energize_2_10935.mp3",
    "suggested_storage_file": "FLAME; EDM POP; Re-Energize.  118 (Remix); RE-ENERGIZE (1).mp3",
    "confidence_score": 0.9069767441860466,
    "match_type": "id_match"
  },
  {
    "track_id": 12172,
    "track_title": "Now close thine eyes, my gentle dear,",
    "current_file_path": "now_close_thine_eyes_my_gentle_dear_1_12172.mp3",
    "suggested_storage_file": "Now close thine eyes, my gentle dear; .mp3",
    "confidence_score": 0.90625,
    "match_type": "id_match"
  },
  {
    "track_id": 10138,
    "track_title": "Anamaria, Ambient Dance EDM, 128 BPM",
    "current_file_path": "anamaria_ambient_dance_edm_128_bpm_10138.mp3",
    "suggested_storage_file": "anamaria_ambient_dance_edm_128_bpm.mp3",
    "confidence_score": 0.90625,
    "match_type": "id_match"
  },
  {
    "track_id": 10395,
    "track_title": "Call Me Up, Ambient Dance EDM, 128 BPM",
    "current_file_path": "call_me_up_ambient_dance_edm_128_bpm_10395.mp3",
    "suggested_storage_file": "Call Me Up, Ambient Dance_EDM, 128 BPM.mp3",
    "confidence_score": 0.90625,
    "match_type": "id_match"
  },
  {
    "track_id": 10386,
    "track_title": "Burn too bright for peace says who",
    "current_file_path": "burn_too_bright_for_peace_says_who_10386.mp3",
    "suggested_storage_file": "Burn too bright for peace says who.mp3",
    "confidence_score": 0.9032258064516129,
    "match_type": "id_match"
  },
  {
    "track_id": 10396,
    "track_title": "Call Out, Ambient Dance EDM, 128 BPM",
    "current_file_path": "call_out_ambient_dance_edm_128_bpm_1_10396.mp3",
    "suggested_storage_file": "Call Out, Ambient Dance_EDM, 128 BPM.mp3",
    "confidence_score": 0.9032258064516129,
    "match_type": "id_match"
  },
  {
    "track_id": 10398,
    "track_title": "Call Out, Ambient Dance EDM, 128 BPM",
    "current_file_path": "call_out_ambient_dance_edm_128_bpm_3.mp3",
    "suggested_storage_file": "Call Out, Ambient Dance_EDM, 128 BPM.mp3",
    "confidence_score": 0.9032258064516129,
    "match_type": "id_match"
  },
  {
    "track_id": 10399,
    "track_title": "Call Out, Ambient Dance EDM, 128 BPM",
    "current_file_path": "call_out_ambient_dance_edm_128_bpm_10399.mp3",
    "suggested_storage_file": "Call Out, Ambient Dance_EDM, 128 BPM.mp3",
    "confidence_score": 0.9032258064516129,
    "match_type": "id_match"
  },
  {
    "track_id": 10453,
    "track_title": "Classical sonata 2 Instrumental",
    "current_file_path": "classical_sonata_2_-_instrumental_10453.mp3",
    "suggested_storage_file": "Classical sonata 2  - Instrumental.mp3",
    "confidence_score": 0.9032258064516129,
    "match_type": "id_match"
  },
  {
    "track_id": 12999,
    "track_title": "Shakespeare's Sonnets, Movement 1",
    "current_file_path": "shakespeares_sonnets_movement_1_1_12999.mp3",
    "suggested_storage_file": "Shakespeare's Sonnets, Movement 1.mp3",
    "confidence_score": 0.9032258064516129,
    "match_type": "id_match"
  },
  {
    "track_id": 11015,
    "track_title": "funk broke out at the disco in 2012",
    "current_file_path": "funk_broke_out_at_the_disco_in_2012_11015.mp3",
    "suggested_storage_file": "funk broke out at the disco in 2012.mp3",
    "confidence_score": 0.9032258064516129,
    "match_type": "id_match"
  },
  {
    "track_id": 10776,
    "track_title": "El Mar Azul, Classic Rock, Super Group, 1970s, v1",
    "current_file_path": "el_mar_azul_classic_rock_super_group_1970s_v1_1_10776.mp3",
    "suggested_storage_file": "El Mar Azul, Classic Rock, Super Group, 1970s, v1 (1).mp3",
    "confidence_score": 0.9024390243902439,
    "match_type": "id_match"
  },
  {
    "track_id": 11000,
    "track_title": "For DH with Love, Sonata 2 Instrumental Remix",
    "current_file_path": "for_dh_with_love_sonata_2_-_instrumental_remix_9_11000.mp3",
    "suggested_storage_file": "For DH with Love, Sonata 2  - Instrumental (Remix) (9).mp3",
    "confidence_score": 0.9024390243902439,
    "match_type": "id_match"
  },
  {
    "track_id": 52,
    "track_title": "Aerie",
    "current_file_path": "aerie.mp3",
    "suggested_storage_file": "2960d90a-b31c-4f79-95a3-0a8b522d17e0.mp3",
    "confidence_score": 0.9,
    "match_type": "id_match"
  },
  {
    "track_id": 10002,
    "track_title": "01 You Are Not Alone rough bounce",
    "current_file_path": "01_you_are_not_alone_rough_bounce.mp3",
    "suggested_storage_file": "01 You Are Not Alone rough bounce.mp3",
    "confidence_score": 0.9,
    "match_type": "id_match"
  },
  {
    "track_id": 10098,
    "track_title": "All the Pretty Horses, EDM, REMIX 2",
    "current_file_path": "all_the_pretty_horses_edm_remix_2_10098.mp3",
    "suggested_storage_file": "all_the_pretty_horses_edm_remix_2.mp3",
    "confidence_score": 0.9,
    "match_type": "id_match"
  },
  {
    "track_id": 12405,
    "track_title": "Pablo Neruda, Samba of Sonnet 117",
    "current_file_path": "pablo_neruda_samba_of_sonnet_117_2_12405.mp3",
    "suggested_storage_file": "Pablo Neruda, Samba of Sonnet 117.mp3",
    "confidence_score": 0.9,
    "match_type": "id_match"
  },
  {
    "track_id": 10229,
    "track_title": "Baroque Chamber Orchestra",
    "current_file_path": "baroque_chamber_orchestra_uptempo_1_1.mp3",
    "suggested_storage_file": "79633cae-5743-4aa1-b64e-1022977d52fd.mp3",
    "confidence_score": 0.9,
    "match_type": "id_match"
  },
  {
    "track_id": 10261,
    "track_title": "Baroque Vocal Composer Partita",
    "current_file_path": "baroque_vocal_composer_partita_10261.mp3",
    "suggested_storage_file": "Baroque Vocal Composer Partita.mp3",
    "confidence_score": 0.9,
    "match_type": "id_match"
  },
  {
    "track_id": 10290,
    "track_title": "Behold, A New Day With Great Joy",
    "current_file_path": "behold_a_new_day_with_great_joy_new_age_classical_sleep_meditation_non-sleep_deep_rest_remix_1_10290.mp3",
    "suggested_storage_file": "7102903e-8fbc-464e-bbc1-24f18d2a515b.mp3",
    "confidence_score": 0.9,
    "match_type": "id_match"
  },
  {
    "track_id": 10472,
    "track_title": "constantinople of the sephardim movement 7",
    "current_file_path": "constantinople-of-the-sephardim-movement-7-house-remix_2.mp3",
    "suggested_storage_file": "constantinople-of-the-sephardim,-movement-3.mp3",
    "confidence_score": 0.9,
    "match_type": "id_match"
  },
  {
    "track_id": 10473,
    "track_title": "constantinople of the sephardim movement 7",
    "current_file_path": "constantinople-of-the-sephardim-movement-7-house-remix.mp3",
    "suggested_storage_file": "constantinople-of-the-sephardim,-movement-3.mp3",
    "confidence_score": 0.9,
    "match_type": "id_match"
  },
  {
    "track_id": 10933,
    "track_title": "FLAME; CLASSIC ROCK; Re Energize; 88 BPM Remix",
    "current_file_path": "flame_classic_rock_re-energize_88_bpm_remix_2_10933.mp3",
    "suggested_storage_file": "FLAME; CLASSIC ROCK; Re-Energize; 88 BPM  (Remix) (2).mp3",
    "confidence_score": 0.9,
    "match_type": "id_match"
  },
  {
    "track_id": 10000,
    "track_title": "; Baroque, Classical; Sleep Remix",
    "current_file_path": "_baroque_classical_sleep_remix_10000.mp3",
    "suggested_storage_file": "; Baroque, Classical; Sleep (Remix).mp3",
    "confidence_score": 0.896551724137931,
    "match_type": "fuzzy"
  },
  {
    "track_id": 10402,
    "track_title": "Call Out, American, 128 BPM Remix",
    "current_file_path": "call_out_american_128_bpm_remix_10402.mp3",
    "suggested_storage_file": "Call Out, American, 128 BPM (Remix).mp3",
    "confidence_score": 0.896551724137931,
    "match_type": "fuzzy"
  },
  {
    "track_id": 10611,
    "track_title": "disco duet at the witching hour",
    "current_file_path": "disco_duet_at_the_witching_hour_1_10611.mp3",
    "suggested_storage_file": "disco duet at the witching hour.mp3",
    "confidence_score": 0.896551724137931,
    "match_type": "fuzzy"
  },
  {
    "track_id": 10612,
    "track_title": "disco duet at the witching hour",
    "current_file_path": "disco_duet_at_the_witching_hour_10612.mp3",
    "suggested_storage_file": "disco duet at the witching hour.mp3",
    "confidence_score": 0.896551724137931,
    "match_type": "fuzzy"
  },
  {
    "track_id": 10791,
    "track_title": "entrainment for the scientist",
    "current_file_path": "entrainment_for_the_scientist_10791.mp3",
    "suggested_storage_file": "entrainment for the scientist.mp3",
    "confidence_score": 0.896551724137931,
    "match_type": "fuzzy"
  },
  {
    "track_id": 10770,
    "track_title": "El Mar Azul, Classic Rock, 1970s",
    "current_file_path": "el_mar_azul_classic_rock_1970s_10770.mp3",
    "suggested_storage_file": "El Mar Azul, Classic Rock, 1970s.mp3",
    "confidence_score": 0.8928571428571429,
    "match_type": "fuzzy"
  },
  {
    "track_id": 10385,
    "track_title": "Burn too bright for peace do I",
    "current_file_path": "burn_too_bright_for_peace_do_i_10385.mp3",
    "suggested_storage_file": "Burn too bright for peace do I.mp3",
    "confidence_score": 0.8888888888888888,
    "match_type": "fuzzy"
  },
  {
    "track_id": 10099,
    "track_title": "All the Pretty Horses, REMIX",
    "current_file_path": "all_the_pretty_horses_remix_10099.mp3",
    "suggested_storage_file": "all_the_pretty_horses_remix_.mp3",
    "confidence_score": 0.8846153846153846,
    "match_type": "fuzzy"
  },
  {
    "track_id": 12301,
    "track_title": "Oh Day Of Fire And Sun Vocals",
    "current_file_path": "oh_day_of_fire_and_sun_-_vocals_6_12301.mp3",
    "suggested_storage_file": "Oh Day Of Fire And Sun - Vocals.mp3",
    "confidence_score": 0.8846153846153846,
    "match_type": "fuzzy"
  },
  {
    "track_id": 10407,
    "track_title": "Call Out, Rock, 128 BPM Remix (1)",
    "current_file_path": "call_out_rock_128_bpm_remix_1_1.mp3",
    "suggested_storage_file": "Call Out, Rock, 128 BPM (Remix) (1).mp3",
    "confidence_score": 0.8846153846153846,
    "match_type": "fuzzy"
  },
  {
    "track_id": 10405,
    "track_title": "Call Out, Rock, 128 BPM Remix",
    "current_file_path": "call_out_rock_128_bpm_remix_1_10405.mp3",
    "suggested_storage_file": "Call Out, Rock, 128 BPM (Remix).mp3",
    "confidence_score": 0.88,
    "match_type": "fuzzy"
  },
  {
    "track_id": 12809,
    "track_title": "Samba Neruda, 4 Remix, Sleep",
    "current_file_path": "samba_neruda_4_remix_sleep_1_12809.mp3",
    "suggested_storage_file": "Samba Neruda, 4 (Remix), Sleep.mp3",
    "confidence_score": 0.88,
    "match_type": "fuzzy"
  },
  {
    "track_id": 10090,
    "track_title": "all i want is you as you are",
    "current_file_path": "all_i_want_is_you_as_you_are_10090.mp3",
    "suggested_storage_file": "all i want is you as you are.mp3",
    "confidence_score": 0.875,
    "match_type": "fuzzy"
  },
  {
    "track_id": 10613,
    "track_title": "disco will free your mind",
    "current_file_path": "disco_will_free_your_mind_10613.mp3",
    "suggested_storage_file": "disco will free your mind .mp3",
    "confidence_score": 0.875,
    "match_type": "fuzzy"
  },
  {
    "track_id": 10937,
    "track_title": "FLAME; POP; Re Energize; 88 BPM Remix",
    "current_file_path": "flame_pop_re-energize_88_bpm_remix_1_10937.mp3",
    "suggested_storage_file": "FLAME; POP; Re-Energize; 88 BPM  (Remix) (1).mp3",
    "confidence_score": 0.875,
    "match_type": "fuzzy"
  },
  {
    "track_id": 11417,
    "track_title": "Lay Your Love On Me, SAMBA",
    "current_file_path": "lay_your_love_on_me_samba_5_11417.mp3",
    "suggested_storage_file": "Lay Your Love On Me,  SAMBA.mp3",
    "confidence_score": 0.8695652173913043,
    "match_type": "fuzzy"
  },
  {
    "track_id": 10001,
    "track_title": "01 Will You Love Me Then",
    "current_file_path": "01_will_you_love_me_then_.mp3",
    "suggested_storage_file": "01 Will You Love Me Then_.mp3",
    "confidence_score": 0.8636363636363636,
    "match_type": "fuzzy"
  },
  {
    "track_id": 10404,
    "track_title": "Call Out, Pop, 88 BPM, Relaxation",
    "current_file_path": "call_out_pop_88_bpm_relaxation_1_10404.mp3",
    "suggested_storage_file": "Call Out, Pop, 88 BPM, Relaxation (1).mp3",
    "confidence_score": 0.8620689655172413,
    "match_type": "fuzzy"
  },
  {
    "track_id": 12275,
    "track_title": "Oh Day Of Fire And Sun",
    "current_file_path": "oh_day_of_fire_and_sun_4_12275.mp3",
    "suggested_storage_file": "Oh Day Of Fire And Sun.mp3",
    "confidence_score": 0.85,
    "match_type": "fuzzy"
  },
  {
    "track_id": 10188,
    "track_title": "at the earliest hour",
    "current_file_path": "at_the_earliest_hour_10188.mp3",
    "suggested_storage_file": "at the earliest hour.mp3",
    "confidence_score": 0.85,
    "match_type": "fuzzy"
  },
  {
    "track_id": 10187,
    "track_title": "at the earliest hour",
    "current_file_path": "at_the_earliest_hour_1.mp3",
    "suggested_storage_file": "at the earliest hour.mp3",
    "confidence_score": 0.85,
    "match_type": "fuzzy"
  },
  {
    "track_id": 1360,
    "track_title": "Midsommar; EDM; HIIT (2)",
    "current_file_path": "midsommar_edm_hiit_2.mp3",
    "suggested_storage_file": "Midsommar; EDM; HIIT (2).mp3",
    "confidence_score": 0.85,
    "match_type": "fuzzy"
  },
  {
    "track_id": 11182,
    "track_title": "IBIZA, , 128 BPM Remix",
    "current_file_path": "ibiza_128_bpm_remix_1_11182.mp3",
    "suggested_storage_file": "IBIZA, , 128 BPM (Remix).mp3",
    "confidence_score": 0.8421052631578947,
    "match_type": "fuzzy"
  },
  {
    "track_id": 10455,
    "track_title": "Classical sonatas",
    "current_file_path": "classical_sonatas.mp3",
    "suggested_storage_file": "Classical sonatas.mp3",
    "confidence_score": 0.8421052631578947,
    "match_type": "fuzzy"
  },
  {
    "track_id": 10204,
    "track_title": "Autumn Movement 4",
    "current_file_path": "autumn_movement_4_10204.mp3",
    "suggested_storage_file": "Autumn_ Movement 4.mp3",
    "confidence_score": 0.8333333333333334,
    "match_type": "fuzzy"
  },
  {
    "track_id": 10227,
    "track_title": "Baroque chamber",
    "current_file_path": "baroque_chamber_2.mp3",
    "suggested_storage_file": "Baroque chamber .mp3",
    "confidence_score": 0.8235294117647058,
    "match_type": "fuzzy"
  },
  {
    "track_id": 10228,
    "track_title": "Baroque chamber",
    "current_file_path": "baroque_chamber_10228.mp3",
    "suggested_storage_file": "Baroque chamber .mp3",
    "confidence_score": 0.8235294117647058,
    "match_type": "fuzzy"
  },
  {
    "track_id": 10293,
    "track_title": "beneath the blue",
    "current_file_path": "beneath_the_blue_10293.mp3",
    "suggested_storage_file": "beneath the blue.mp3",
    "confidence_score": 0.8235294117647058,
    "match_type": "fuzzy"
  },
  {
    "track_id": 10292,
    "track_title": "beneath the blue",
    "current_file_path": "beneath_the_blue_1.mp3",
    "suggested_storage_file": "beneath the blue.mp3",
    "confidence_score": 0.8235294117647058,
    "match_type": "fuzzy"
  },
  {
    "track_id": 10892,
    "track_title": "Fisherman's Song",
    "current_file_path": "fishermans_song_movement_2_10892.mp3",
    "suggested_storage_file": "Fisherman's Song.mp3",
    "confidence_score": 0.8235294117647058,
    "match_type": "fuzzy"
  },
  {
    "track_id": 10891,
    "track_title": "Fisherman's Song",
    "current_file_path": "fishermans_song_movement_2_remix_1_10891.mp3",
    "suggested_storage_file": "Fisherman's Song.mp3",
    "confidence_score": 0.8235294117647058,
    "match_type": "fuzzy"
  },
  {
    "track_id": 10893,
    "track_title": "Fisherman's Song",
    "current_file_path": "fishermans_song_10893.mp3",
    "suggested_storage_file": "Fisherman's Song.mp3",
    "confidence_score": 0.8235294117647058,
    "match_type": "fuzzy"
  },
  {
    "track_id": 10838,
    "track_title": "everyday is birthday",
    "current_file_path": "everyday_is_birthday_1_10838.mp3",
    "suggested_storage_file": "everyday is birthday (1).mp3",
    "confidence_score": 0.8181818181818181,
    "match_type": "fuzzy"
  },
  {
    "track_id": 10282,
    "track_title": "Beautiful face",
    "current_file_path": "beautiful_face_10282.mp3",
    "suggested_storage_file": "Beautiful face.mp3",
    "confidence_score": 0.8125,
    "match_type": "fuzzy"
  },
  {
    "track_id": 10281,
    "track_title": "Beautiful face",
    "current_file_path": "beautiful_face_2.mp3",
    "suggested_storage_file": "Beautiful face.mp3",
    "confidence_score": 0.8125,
    "match_type": "fuzzy"
  },
  {
    "track_id": 10478,
    "track_title": "contemplation",
    "current_file_path": "contemplation_1.mp3",
    "suggested_storage_file": "contemplation .mp3",
    "confidence_score": 0.8125,
    "match_type": "fuzzy"
  },
  {
    "track_id": 10479,
    "track_title": "contemplation",
    "current_file_path": "contemplation_10479.mp3",
    "suggested_storage_file": "contemplation .mp3",
    "confidence_score": 0.8125,
    "match_type": "fuzzy"
  },
  {
    "track_id": 10672,
    "track_title": "Drifting Above",
    "current_file_path": "drifting_above_1_10672.mp3",
    "suggested_storage_file": "Drifting Above.mp3",
    "confidence_score": 0.8125,
    "match_type": "fuzzy"
  },
  {
    "track_id": 10673,
    "track_title": "Drifting Above",
    "current_file_path": "drifting_above_10673.mp3",
    "suggested_storage_file": "Drifting Above.mp3",
    "confidence_score": 0.8125,
    "match_type": "fuzzy"
  },
  {
    "track_id": 10094,
    "track_title": "All the Pretty Horses, CLASSIC ROCK DUET",
    "current_file_path": "all_the_pretty_horses_classic_rock_duet_1970s_10094.mp3",
    "suggested_storage_file": "all_the_pretty_horses_classic_rock_duet_1970s.mp3",
    "confidence_score": 0.8048780487804879,
    "match_type": "fuzzy"
  },
  {
    "track_id": 10383,
    "track_title": "Burn too bright for peace , Contemporary Opera, Classical, Female",
    "current_file_path": "burn_too_bright_for_peace_contemporary_opera_classical_female_relaxation.mp3",
    "suggested_storage_file": "Burn too bright for peace_, Contemporary Opera, Classical, Female; Relaxation.mp3",
    "confidence_score": 0.803030303030303,
    "match_type": "fuzzy"
  },
  {
    "track_id": 10379,
    "track_title": "Burn too bright for peace , Contemporary Opera, Classical, Female",
    "current_file_path": "burn_too_bright_for_peace_contemporary_opera_classical_female_relaxation_1_10379.mp3",
    "suggested_storage_file": "Burn too bright for peace_, Contemporary Opera, Classical, Female; Relaxation.mp3",
    "confidence_score": 0.803030303030303,
    "match_type": "fuzzy"
  },
  {
    "track_id": 10380,
    "track_title": "Burn too bright for peace , Contemporary Opera, Classical, Female",
    "current_file_path": "burn_too_bright_for_peace_contemporary_opera_classical_female_relaxation_3_10380.mp3",
    "suggested_storage_file": "Burn too bright for peace_, Contemporary Opera, Classical, Female; Relaxation.mp3",
    "confidence_score": 0.803030303030303,
    "match_type": "fuzzy"
  },
  {
    "track_id": 10381,
    "track_title": "Burn too bright for peace , Contemporary Opera, Classical, Female",
    "current_file_path": "burn_too_bright_for_peace_contemporary_opera_classical_female_relaxation_4_10381.mp3",
    "suggested_storage_file": "Burn too bright for peace_, Contemporary Opera, Classical, Female; Relaxation.mp3",
    "confidence_score": 0.803030303030303,
    "match_type": "fuzzy"
  },
  {
    "track_id": 10382,
    "track_title": "Burn too bright for peace , Contemporary Opera, Classical, Female",
    "current_file_path": "burn_too_bright_for_peace_contemporary_opera_classical_female_relaxation_5_10382.mp3",
    "suggested_storage_file": "Burn too bright for peace_, Contemporary Opera, Classical, Female; Relaxation.mp3",
    "confidence_score": 0.803030303030303,
    "match_type": "fuzzy"
  },
  {
    "track_id": 10142,
    "track_title": "annetta dream",
    "current_file_path": "annetta_dream_10142.mp3",
    "suggested_storage_file": "annetta dream.mp3",
    "confidence_score": 0.8,
    "match_type": "fuzzy"
  },
  {
    "track_id": 10833,
    "track_title": "Etheria Instrumental, House, Electronic Soundtrack, Ambient",
    "current_file_path": "etheria_instrumental_house_electronic_soundtrack_ambient_re-energize_1_10833.mp3",
    "suggested_storage_file": "Etheria_ Instrumental, House, Electronic Soundtrack, Ambient; Re-Energize.mp3",
    "confidence_score": 0.796875,
    "match_type": "fuzzy"
  },
  {
    "track_id": 10834,
    "track_title": "Etheria Instrumental, House, Electronic Soundtrack, Ambient",
    "current_file_path": "etheria_instrumental_house_electronic_soundtrack_ambient_re-energize_2_10834.mp3",
    "suggested_storage_file": "Etheria_ Instrumental, House, Electronic Soundtrack, Ambient; Re-Energize.mp3",
    "confidence_score": 0.796875,
    "match_type": "fuzzy"
  },
  {
    "track_id": 10835,
    "track_title": "Etheria Instrumental, House, Electronic Soundtrack, Ambient",
    "current_file_path": "etheria_instrumental_house_electronic_soundtrack_ambient_re-energize_10835.mp3",
    "suggested_storage_file": "Etheria_ Instrumental, House, Electronic Soundtrack, Ambient; Re-Energize.mp3",
    "confidence_score": 0.796875,
    "match_type": "fuzzy"
  },
  {
    "track_id": 11392,
    "track_title": "Lay Your Love On Me, MOTOWN BLUES, MALE VOCALS Remix",
    "current_file_path": "lay_your_love_on_me_motown_blues_male_vocals_remix_68_bpm_relaxation_11392.mp3",
    "suggested_storage_file": "Lay Your Love On Me,  JAZZ-BLUES, MALE VOCALS (Remix).mp3",
    "confidence_score": 0.7857142857142857,
    "match_type": "fuzzy"
  },
  {
    "track_id": 10638,
    "track_title": "Dorian. Shakespeare's Sonnet LII, A Sonnet In Jazz Remix",
    "current_file_path": "dorian._shakespeares_sonnet_lii_a_sonnet_in_jazz_remix_relaxation_88_bpm_1_10638.mp3",
    "suggested_storage_file": "Shakespeare's Sonnet LII, A Sonnet In Jazz (10).mp3",
    "confidence_score": 0.7777777777777778,
    "match_type": "fuzzy"
  },
  {
    "track_id": 10639,
    "track_title": "Dorian. Shakespeare's Sonnet LII, A Sonnet In Jazz Remix",
    "current_file_path": "dorian._shakespeares_sonnet_lii_a_sonnet_in_jazz_remix_relaxation_88_bpm_2_10639.mp3",
    "suggested_storage_file": "Shakespeare's Sonnet LII, A Sonnet In Jazz (10).mp3",
    "confidence_score": 0.7777777777777778,
    "match_type": "fuzzy"
  },
  {
    "track_id": 10640,
    "track_title": "Dorian. Shakespeare's Sonnet LII, A Sonnet In Jazz Remix",
    "current_file_path": "dorian._shakespeares_sonnet_lii_a_sonnet_in_jazz_remix_relaxation_88_bpm_10640.mp3",
    "suggested_storage_file": "Shakespeare's Sonnet LII, A Sonnet In Jazz (10).mp3",
    "confidence_score": 0.7777777777777778,
    "match_type": "fuzzy"
  },
  {
    "track_id": 10413,
    "track_title": "can we chill",
    "current_file_path": "can_we_chill.mp3",
    "suggested_storage_file": "can we chill.mp3",
    "confidence_score": 0.7692307692307692,
    "match_type": "fuzzy"
  },
  {
    "track_id": 10412,
    "track_title": "can we chill",
    "current_file_path": "can_we_chill_1_10412.mp3",
    "suggested_storage_file": "can we chill.mp3",
    "confidence_score": 0.7692307692307692,
    "match_type": "fuzzy"
  },
  {
    "track_id": 10505,
    "track_title": "dance it out",
    "current_file_path": "dance_it_out_10505.mp3",
    "suggested_storage_file": "dance it out.mp3",
    "confidence_score": 0.7692307692307692,
    "match_type": "fuzzy"
  },
  {
    "track_id": 10504,
    "track_title": "dance it out",
    "current_file_path": "dance_it_out_2.mp3",
    "suggested_storage_file": "dance it out.mp3",
    "confidence_score": 0.7692307692307692,
    "match_type": "fuzzy"
  },
  {
    "track_id": 10236,
    "track_title": "Baroque Flamenco, Phrygian Chamber Orchestral",
    "current_file_path": "baroque-flamenco_phrygian_chamber_orchestral_relaxation_remix_1_10236.mp3",
    "suggested_storage_file": "Drama; Baroque-Flamenco, Phrygian Chamber Orchestral; FOCUS.mp3",
    "confidence_score": 0.7547169811320755,
    "match_type": "fuzzy"
  },
  {
    "track_id": 10454,
    "track_title": "Classical sonata movement 1",
    "current_file_path": "classical_sonata_movement_1_sleep_10454.mp3",
    "suggested_storage_file": "Classical sonata_ movement 1; sleep.mp3",
    "confidence_score": 0.75,
    "match_type": "fuzzy"
  },
  {
    "track_id": 10944,
    "track_title": "Flamenco Phrygian Orchestral",
    "current_file_path": "flamenco-phrygian_orchestral_focus_1_10944.mp3",
    "suggested_storage_file": "Flamenco-Phrygian Orchestral; FOCUS (1).mp3",
    "confidence_score": 0.7428571428571429,
    "match_type": "fuzzy"
  },
  {
    "track_id": 10945,
    "track_title": "Flamenco Phrygian Orchestral",
    "current_file_path": "flamenco-phrygian_orchestral_focus_2_10945.mp3",
    "suggested_storage_file": "Flamenco-Phrygian Orchestral; FOCUS (1).mp3",
    "confidence_score": 0.7428571428571429,
    "match_type": "fuzzy"
  },
  {
    "track_id": 10801,
    "track_title": "Eternal Summer Samba Suave",
    "current_file_path": "eternal_summer_samba_suave_samba.mp3",
    "suggested_storage_file": "Eternal Summer _Samba Suave_; Samba.mp3",
    "confidence_score": 0.7419354838709677,
    "match_type": "fuzzy"
  },
  {
    "track_id": 10800,
    "track_title": "Eternal Summer Samba Suave",
    "current_file_path": "eternal_summer_samba_suave_samba_2.mp3",
    "suggested_storage_file": "Eternal Summer _Samba Suave_; Samba.mp3",
    "confidence_score": 0.7419354838709677,
    "match_type": "fuzzy"
  },
  {
    "track_id": 10786,
    "track_title": "elysian fields remix",
    "current_file_path": "elysian_fields_remix_house.mp3",
    "suggested_storage_file": "elysian fields; house.mp3",
    "confidence_score": 0.7142857142857143,
    "match_type": "fuzzy"
  },
  {
    "track_id": 10827,
    "track_title": "Ethereal, An Elvin Wedding Instrumental, World Folk",
    "current_file_path": "ethereal_an_elvin_wedding_instrumental_world_folk_relaxation_remix_1_10827.mp3",
    "suggested_storage_file": "Ethereal, An Elvin Wedding_ Instrumental, World Folk; Relaxation (Remix).mp3",
    "confidence_score": 0.7049180327868853,
    "match_type": "fuzzy"
  },
  {
    "track_id": 10828,
    "track_title": "Ethereal, An Elvin Wedding Instrumental, World Folk",
    "current_file_path": "ethereal_an_elvin_wedding_instrumental_world_folk_relaxation_remix_2_10828.mp3",
    "suggested_storage_file": "Ethereal, An Elvin Wedding_ Instrumental, World Folk; Relaxation (Remix).mp3",
    "confidence_score": 0.7049180327868853,
    "match_type": "fuzzy"
  },
  {
    "track_id": 10829,
    "track_title": "Ethereal, An Elvin Wedding Instrumental, World Folk",
    "current_file_path": "ethereal_an_elvin_wedding_instrumental_world_folk_relaxation_remix_3_10829.mp3",
    "suggested_storage_file": "Ethereal, An Elvin Wedding_ Instrumental, World Folk; Relaxation (Remix).mp3",
    "confidence_score": 0.7049180327868853,
    "match_type": "fuzzy"
  },
  {
    "track_id": 10830,
    "track_title": "Ethereal, An Elvin Wedding Instrumental, World Folk",
    "current_file_path": "ethereal_an_elvin_wedding_instrumental_world_folk_relaxation_remix_4_10830.mp3",
    "suggested_storage_file": "Ethereal, An Elvin Wedding_ Instrumental, World Folk; Relaxation (Remix).mp3",
    "confidence_score": 0.7049180327868853,
    "match_type": "fuzzy"
  },
  {
    "track_id": 10831,
    "track_title": "Ethereal, An Elvin Wedding Instrumental, World Folk",
    "current_file_path": "ethereal_an_elvin_wedding_instrumental_world_folk_relaxation_remix_10831.mp3",
    "suggested_storage_file": "Ethereal, An Elvin Wedding_ Instrumental, World Folk; Relaxation (Remix).mp3",
    "confidence_score": 0.7049180327868853,
    "match_type": "fuzzy"
  }
]