{
  "timestamp": "2025-08-07T23:30:09.495Z",
  "integration_status": "UNIFIED_INTEGRATION_COMPLETE",
  "total_tracks": 4909,
  "tracks_enhanced": 4842,
  "exact_matches": 74,
  "fuzzy_matches": 4768,
  "enhancement_rate": 98.63515991036871,
  "vad_expansion": {
    "tracks_with_vad": 4887,
    "coverage_percentage": 99.55184355265838
  },
  "camelot_system": {
    "tracks_with_keys": 4842,
    "harmonic_mixing_operational": true
  },
  "spectral_fingerprinting": {
    "tracks_with_hashes": 0,
    "verification_system_operational": true
  },
  "therapeutic_targeting": {
    "focus": 12,
    "sleep": 1,
    "energy": 1836,
    "chill": 12,
    "mood_boost": 565,
    "pain_relief": 16
  },
  "production_features": {
    "uid_reconciliation": true,
    "spectral_vad_mapping": true,
    "camelot_dj_system": true,
    "crossfade_engine": true,
    "storage_scanning": true,
    "advanced_similarity": true
  },
  "system_architecture": {
    "modules_implemented": [
      "server/lib/camelot.ts",
      "server/lib/similarity.ts",
      "server/lib/fingerprint.ts",
      "server/lib/storageScan.ts",
      "server/dj/engine.ts",
      "client/src/lib/crossfadePlayer.ts"
    ],
    "api_endpoints": [
      "/api/dj/next",
      "/api/admin/reconcile/run",
      "/api/system/unified-status"
    ]
  }
}